{
  "type": "FeatureCollection",
  "eventId": "anak-krakatau-2026-09",
  "timeUnit": "Unix milliseconds UTC",
  "altitudeUnit": "flight level (hundreds of feet)",
  "selectionNote": "All recovered editions issued within the event window, including revisions and forecast targets outside the window. Features are source positions, not continuously valid areas. Use the application temporal selection rules. Empty lead assessments are preserved in editions.",
  "editions": [
    {
      "id": "DARWIN/262000/2026/174/1788589800000",
      "productId": "DARWIN/262000/2026/174",
      "number": "2026/174",
      "volcanoId": "262000",
      "issuedAt": 1788589800000,
      "observedAt": 1788588600000,
      "estimated": false,
      "leadStates": {
        "0": {
          "validAt": 1788588600000,
          "status": "geometry"
        },
        "6": {
          "validAt": 1788610200000,
          "status": "geometry"
        },
        "12": {
          "validAt": 1788631800000,
          "status": "geometry"
        },
        "18": {
          "validAt": 1788653400000,
          "status": "geometry"
        }
      },
      "flags": {
        "cloudObscured": false,
        "lowForecastConfidence": false,
        "correction": false
      },
      "sourceUrl": "https://data.gdacs.org/gts.aspx?eventid=1000148&eventtype=VO",
      "sourceLine": 0,
      "revision": 0,
      "supersededBy": null
    },
    {
      "id": "DARWIN/262000/2026/175/1788597000000",
      "productId": "DARWIN/262000/2026/175",
      "number": "2026/175",
      "volcanoId": "262000",
      "issuedAt": 1788597000000,
      "observedAt": 1788595800000,
      "estimated": false,
      "leadStates": {
        "0": {
          "validAt": 1788595800000,
          "status": "geometry"
        },
        "6": {
          "validAt": 1788617400000,
          "status": "geometry"
        },
        "12": {
          "validAt": 1788639000000,
          "status": "geometry"
        },
        "18": {
          "validAt": 1788660600000,
          "status": "geometry"
        }
      },
      "flags": {
        "cloudObscured": false,
        "lowForecastConfidence": false,
        "correction": false
      },
      "sourceUrl": "https://data.gdacs.org/gts.aspx?eventid=1000148&eventtype=VO",
      "sourceLine": 0,
      "revision": 0,
      "supersededBy": null
    },
    {
      "id": "DARWIN/262000/2026/176/1788604200000",
      "productId": "DARWIN/262000/2026/176",
      "number": "2026/176",
      "volcanoId": "262000",
      "issuedAt": 1788604200000,
      "observedAt": 1788603000000,
      "estimated": false,
      "leadStates": {
        "0": {
          "validAt": 1788603000000,
          "status": "geometry"
        },
        "6": {
          "validAt": 1788624600000,
          "status": "geometry"
        },
        "12": {
          "validAt": 1788646200000,
          "status": "geometry"
        },
        "18": {
          "validAt": 1788667800000,
          "status": "geometry"
        }
      },
      "flags": {
        "cloudObscured": false,
        "lowForecastConfidence": false,
        "correction": false
      },
      "sourceUrl": "https://data.gdacs.org/gts.aspx?eventid=1000148&eventtype=VO",
      "sourceLine": 0,
      "revision": 0,
      "supersededBy": null
    },
    {
      "id": "DARWIN/262000/2026/177/1788611400000",
      "productId": "DARWIN/262000/2026/177",
      "number": "2026/177",
      "volcanoId": "262000",
      "issuedAt": 1788611400000,
      "observedAt": 1788610200000,
      "estimated": false,
      "leadStates": {
        "0": {
          "validAt": 1788610200000,
          "status": "geometry"
        },
        "6": {
          "validAt": 1788631800000,
          "status": "geometry"
        },
        "12": {
          "validAt": 1788653400000,
          "status": "geometry"
        },
        "18": {
          "validAt": 1788675000000,
          "status": "geometry"
        }
      },
      "flags": {
        "cloudObscured": false,
        "lowForecastConfidence": false,
        "correction": false
      },
      "sourceUrl": "https://data.gdacs.org/gts.aspx?eventid=1000148&eventtype=VO",
      "sourceLine": 0,
      "revision": 0,
      "supersededBy": null
    },
    {
      "id": "DARWIN/262000/2026/178/1788618600000",
      "productId": "DARWIN/262000/2026/178",
      "number": "2026/178",
      "volcanoId": "262000",
      "issuedAt": 1788618600000,
      "observedAt": 1788617400000,
      "estimated": false,
      "leadStates": {
        "0": {
          "validAt": 1788617400000,
          "status": "geometry"
        },
        "6": {
          "validAt": 1788639000000,
          "status": "geometry"
        },
        "12": {
          "validAt": 1788660600000,
          "status": "geometry"
        },
        "18": {
          "validAt": 1788682200000,
          "status": "geometry"
        }
      },
      "flags": {
        "cloudObscured": false,
        "lowForecastConfidence": false,
        "correction": false
      },
      "sourceUrl": "https://data.gdacs.org/gts.aspx?eventid=1000148&eventtype=VO",
      "sourceLine": 0,
      "revision": 0,
      "supersededBy": null
    },
    {
      "id": "DARWIN/262000/2026/179/1788625800000",
      "productId": "DARWIN/262000/2026/179",
      "number": "2026/179",
      "volcanoId": "262000",
      "issuedAt": 1788625800000,
      "observedAt": 1788624600000,
      "estimated": false,
      "leadStates": {
        "0": {
          "validAt": 1788624600000,
          "status": "geometry"
        },
        "6": {
          "validAt": 1788646200000,
          "status": "geometry"
        },
        "12": {
          "validAt": 1788667800000,
          "status": "geometry"
        },
        "18": {
          "validAt": 1788689400000,
          "status": "geometry"
        }
      },
      "flags": {
        "cloudObscured": false,
        "lowForecastConfidence": false,
        "correction": false
      },
      "sourceUrl": "https://data.gdacs.org/gts.aspx?eventid=1000148&eventtype=VO",
      "sourceLine": 0,
      "revision": 0,
      "supersededBy": null
    },
    {
      "id": "DARWIN/262000/2026/180/1788633000000",
      "productId": "DARWIN/262000/2026/180",
      "number": "2026/180",
      "volcanoId": "262000",
      "issuedAt": 1788633000000,
      "observedAt": 1788631800000,
      "estimated": false,
      "leadStates": {
        "0": {
          "validAt": 1788631800000,
          "status": "geometry"
        },
        "6": {
          "validAt": 1788653400000,
          "status": "geometry"
        },
        "12": {
          "validAt": 1788675000000,
          "status": "geometry"
        },
        "18": {
          "validAt": 1788696600000,
          "status": "geometry"
        }
      },
      "flags": {
        "cloudObscured": false,
        "lowForecastConfidence": false,
        "correction": false
      },
      "sourceUrl": "https://data.gdacs.org/gts.aspx?eventid=1000148&eventtype=VO",
      "sourceLine": 0,
      "revision": 0,
      "supersededBy": null
    },
    {
      "id": "DARWIN/262000/2026/181/1788640200000",
      "productId": "DARWIN/262000/2026/181",
      "number": "2026/181",
      "volcanoId": "262000",
      "issuedAt": 1788640200000,
      "observedAt": 1788639000000,
      "estimated": false,
      "leadStates": {
        "0": {
          "validAt": 1788639000000,
          "status": "geometry"
        },
        "6": {
          "validAt": 1788660600000,
          "status": "geometry"
        },
        "12": {
          "validAt": 1788682200000,
          "status": "geometry"
        },
        "18": {
          "validAt": 1788703800000,
          "status": "geometry"
        }
      },
      "flags": {
        "cloudObscured": false,
        "lowForecastConfidence": false,
        "correction": false
      },
      "sourceUrl": "https://data.gdacs.org/gts.aspx?eventid=1000148&eventtype=VO",
      "sourceLine": 0,
      "revision": 0,
      "supersededBy": null
    },
    {
      "id": "DARWIN/262000/2026/182/1788647400000",
      "productId": "DARWIN/262000/2026/182",
      "number": "2026/182",
      "volcanoId": "262000",
      "issuedAt": 1788647400000,
      "observedAt": 1788646200000,
      "estimated": false,
      "leadStates": {
        "0": {
          "validAt": 1788646200000,
          "status": "geometry"
        },
        "6": {
          "validAt": 1788667800000,
          "status": "geometry"
        },
        "12": {
          "validAt": 1788689400000,
          "status": "geometry"
        },
        "18": {
          "validAt": 1788711000000,
          "status": "geometry"
        }
      },
      "flags": {
        "cloudObscured": false,
        "lowForecastConfidence": false,
        "correction": false
      },
      "sourceUrl": "https://data.gdacs.org/gts.aspx?eventid=1000148&eventtype=VO",
      "sourceLine": 0,
      "revision": 0,
      "supersededBy": null
    },
    {
      "id": "DARWIN/262000/2026/183/1788654600000",
      "productId": "DARWIN/262000/2026/183",
      "number": "2026/183",
      "volcanoId": "262000",
      "issuedAt": 1788654600000,
      "observedAt": 1788653400000,
      "estimated": false,
      "leadStates": {
        "0": {
          "validAt": 1788653400000,
          "status": "geometry"
        },
        "6": {
          "validAt": 1788675000000,
          "status": "geometry"
        },
        "12": {
          "validAt": 1788696600000,
          "status": "geometry"
        },
        "18": {
          "validAt": 1788718200000,
          "status": "geometry"
        }
      },
      "flags": {
        "cloudObscured": false,
        "lowForecastConfidence": false,
        "correction": false
      },
      "sourceUrl": "https://data.gdacs.org/gts.aspx?eventid=1000148&eventtype=VO",
      "sourceLine": 0,
      "revision": 0,
      "supersededBy": null
    },
    {
      "id": "DARWIN/262000/2026/184/1788665400000",
      "productId": "DARWIN/262000/2026/184",
      "number": "2026/184",
      "volcanoId": "262000",
      "issuedAt": 1788665400000,
      "observedAt": 1788664200000,
      "estimated": false,
      "leadStates": {
        "0": {
          "validAt": 1788664200000,
          "status": "geometry"
        },
        "6": {
          "validAt": 1788685800000,
          "status": "geometry"
        },
        "12": {
          "validAt": 1788707400000,
          "status": "geometry"
        },
        "18": {
          "validAt": 1788729000000,
          "status": "geometry"
        }
      },
      "flags": {
        "cloudObscured": false,
        "lowForecastConfidence": false,
        "correction": false
      },
      "sourceUrl": "https://data.gdacs.org/gts.aspx?eventid=1000148&eventtype=VO",
      "sourceLine": 0,
      "revision": 0,
      "supersededBy": null
    },
    {
      "id": "DARWIN/262000/2026/185/1788676200000",
      "productId": "DARWIN/262000/2026/185",
      "number": "2026/185",
      "volcanoId": "262000",
      "issuedAt": 1788676200000,
      "observedAt": 1788675000000,
      "estimated": false,
      "leadStates": {
        "0": {
          "validAt": 1788675000000,
          "status": "geometry"
        },
        "6": {
          "validAt": 1788696600000,
          "status": "geometry"
        },
        "12": {
          "validAt": 1788718200000,
          "status": "geometry"
        },
        "18": {
          "validAt": 1788739800000,
          "status": "geometry"
        }
      },
      "flags": {
        "cloudObscured": false,
        "lowForecastConfidence": false,
        "correction": false
      },
      "sourceUrl": "https://data.gdacs.org/gts.aspx?eventid=1000148&eventtype=VO",
      "sourceLine": 0,
      "revision": 0,
      "supersededBy": null
    },
    {
      "id": "DARWIN/262000/2026/186/1788676200000",
      "productId": "DARWIN/262000/2026/186",
      "number": "2026/186",
      "volcanoId": "262000",
      "issuedAt": 1788676200000,
      "observedAt": 1788675000000,
      "estimated": false,
      "leadStates": {
        "0": {
          "validAt": 1788675000000,
          "status": "geometry"
        },
        "6": {
          "validAt": 1788696600000,
          "status": "geometry"
        },
        "12": {
          "validAt": 1788718200000,
          "status": "geometry"
        },
        "18": {
          "validAt": 1788739800000,
          "status": "geometry"
        }
      },
      "flags": {
        "cloudObscured": false,
        "lowForecastConfidence": false,
        "correction": true
      },
      "sourceUrl": "https://data.gdacs.org/gts.aspx?eventid=1000148&eventtype=VO",
      "sourceLine": 0,
      "revision": 0,
      "supersededBy": null
    },
    {
      "id": "DARWIN/262000/2026/187/1788685800000",
      "productId": "DARWIN/262000/2026/187",
      "number": "2026/187",
      "volcanoId": "262000",
      "issuedAt": 1788685800000,
      "observedAt": 1788687000000,
      "estimated": false,
      "leadStates": {
        "0": {
          "validAt": 1788687000000,
          "status": "geometry"
        },
        "6": {
          "validAt": 1788708600000,
          "status": "geometry"
        },
        "12": {
          "validAt": 1788730200000,
          "status": "geometry"
        },
        "18": {
          "validAt": 1788751800000,
          "status": "geometry"
        }
      },
      "flags": {
        "cloudObscured": false,
        "lowForecastConfidence": false,
        "correction": false
      },
      "sourceUrl": "https://data.gdacs.org/gts.aspx?eventid=1000148&eventtype=VO",
      "sourceLine": 0,
      "revision": 0,
      "supersededBy": null
    },
    {
      "id": "DARWIN/262000/2026/188/1788694200000",
      "productId": "DARWIN/262000/2026/188",
      "number": "2026/188",
      "volcanoId": "262000",
      "issuedAt": 1788694200000,
      "observedAt": 1788693000000,
      "estimated": false,
      "leadStates": {
        "0": {
          "validAt": 1788693000000,
          "status": "geometry"
        },
        "6": {
          "validAt": 1788714600000,
          "status": "geometry"
        },
        "12": {
          "validAt": 1788736200000,
          "status": "geometry"
        },
        "18": {
          "validAt": 1788757800000,
          "status": "geometry"
        }
      },
      "flags": {
        "cloudObscured": false,
        "lowForecastConfidence": false,
        "correction": false
      },
      "sourceUrl": "https://data.gdacs.org/gts.aspx?eventid=1000148&eventtype=VO",
      "sourceLine": 0,
      "revision": 0,
      "supersededBy": null
    },
    {
      "id": "DARWIN/262000/2026/189/1788705000000",
      "productId": "DARWIN/262000/2026/189",
      "number": "2026/189",
      "volcanoId": "262000",
      "issuedAt": 1788705000000,
      "observedAt": 1788703800000,
      "estimated": false,
      "leadStates": {
        "0": {
          "validAt": 1788703800000,
          "status": "geometry"
        },
        "6": {
          "validAt": 1788725400000,
          "status": "geometry"
        },
        "12": {
          "validAt": 1788747000000,
          "status": "geometry"
        },
        "18": {
          "validAt": 1788768600000,
          "status": "geometry"
        }
      },
      "flags": {
        "cloudObscured": false,
        "lowForecastConfidence": false,
        "correction": false
      },
      "sourceUrl": "https://data.gdacs.org/gts.aspx?eventid=1000148&eventtype=VO",
      "sourceLine": 0,
      "revision": 0,
      "supersededBy": null
    },
    {
      "id": "DARWIN/262000/2026/190/1788715800000",
      "productId": "DARWIN/262000/2026/190",
      "number": "2026/190",
      "volcanoId": "262000",
      "issuedAt": 1788715800000,
      "observedAt": 1788714600000,
      "estimated": false,
      "leadStates": {
        "0": {
          "validAt": 1788714600000,
          "status": "geometry"
        },
        "6": {
          "validAt": 1788736200000,
          "status": "geometry"
        },
        "12": {
          "validAt": 1788757800000,
          "status": "geometry"
        },
        "18": {
          "validAt": 1788779400000,
          "status": "geometry"
        }
      },
      "flags": {
        "cloudObscured": false,
        "lowForecastConfidence": false,
        "correction": false
      },
      "sourceUrl": "https://data.gdacs.org/gts.aspx?eventid=1000148&eventtype=VO",
      "sourceLine": 0,
      "revision": 0,
      "supersededBy": null
    },
    {
      "id": "DARWIN/262000/2026/191/1788725400000",
      "productId": "DARWIN/262000/2026/191",
      "number": "2026/191",
      "volcanoId": "262000",
      "issuedAt": 1788725400000,
      "observedAt": 1788726600000,
      "estimated": false,
      "leadStates": {
        "0": {
          "validAt": 1788726600000,
          "status": "geometry"
        },
        "6": {
          "validAt": 1788748200000,
          "status": "geometry"
        },
        "12": {
          "validAt": 1788769800000,
          "status": "geometry"
        },
        "18": {
          "validAt": 1788791400000,
          "status": "geometry"
        }
      },
      "flags": {
        "cloudObscured": false,
        "lowForecastConfidence": false,
        "correction": false
      },
      "sourceUrl": "https://data.gdacs.org/gts.aspx?eventid=1000148&eventtype=VO",
      "sourceLine": 0,
      "revision": 0,
      "supersededBy": null
    },
    {
      "id": "DARWIN/262000/2026/192/1788737400000",
      "productId": "DARWIN/262000/2026/192",
      "number": "2026/192",
      "volcanoId": "262000",
      "issuedAt": 1788737400000,
      "observedAt": 1788736200000,
      "estimated": false,
      "leadStates": {
        "0": {
          "validAt": 1788736200000,
          "status": "geometry"
        },
        "6": {
          "validAt": 1788757800000,
          "status": "geometry"
        },
        "12": {
          "validAt": 1788779400000,
          "status": "geometry"
        },
        "18": {
          "validAt": 1788801000000,
          "status": "geometry"
        }
      },
      "flags": {
        "cloudObscured": false,
        "lowForecastConfidence": false,
        "correction": false
      },
      "sourceUrl": "https://data.gdacs.org/gts.aspx?eventid=1000148&eventtype=VO",
      "sourceLine": 0,
      "revision": 0,
      "supersededBy": null
    },
    {
      "id": "DARWIN/262000/2026/193/1788748200000",
      "productId": "DARWIN/262000/2026/193",
      "number": "2026/193",
      "volcanoId": "262000",
      "issuedAt": 1788748200000,
      "observedAt": 1788747000000,
      "estimated": false,
      "leadStates": {
        "0": {
          "validAt": 1788747000000,
          "status": "geometry"
        },
        "6": {
          "validAt": 1788768600000,
          "status": "geometry"
        },
        "12": {
          "validAt": 1788790200000,
          "status": "geometry"
        },
        "18": {
          "validAt": 1788811800000,
          "status": "geometry"
        }
      },
      "flags": {
        "cloudObscured": false,
        "lowForecastConfidence": false,
        "correction": false
      },
      "sourceUrl": "https://data.gdacs.org/gts.aspx?eventid=1000148&eventtype=VO",
      "sourceLine": 0,
      "revision": 0,
      "supersededBy": null
    },
    {
      "id": "DARWIN/262000/2026/194/1788759000000",
      "productId": "DARWIN/262000/2026/194",
      "number": "2026/194",
      "volcanoId": "262000",
      "issuedAt": 1788759000000,
      "observedAt": 1788757800000,
      "estimated": false,
      "leadStates": {
        "0": {
          "validAt": 1788757800000,
          "status": "geometry"
        },
        "6": {
          "validAt": 1788779400000,
          "status": "geometry"
        },
        "12": {
          "validAt": 1788801000000,
          "status": "geometry"
        },
        "18": {
          "validAt": 1788822600000,
          "status": "geometry"
        }
      },
      "flags": {
        "cloudObscured": false,
        "lowForecastConfidence": false,
        "correction": false
      },
      "sourceUrl": "https://data.gdacs.org/gts.aspx?eventid=1000148&eventtype=VO",
      "sourceLine": 0,
      "revision": 0,
      "supersededBy": null
    },
    {
      "id": "DARWIN/262000/2026/195/1788769800000",
      "productId": "DARWIN/262000/2026/195",
      "number": "2026/195",
      "volcanoId": "262000",
      "issuedAt": 1788769800000,
      "observedAt": 1788768600000,
      "estimated": false,
      "leadStates": {
        "0": {
          "validAt": 1788768600000,
          "status": "geometry"
        },
        "6": {
          "validAt": 1788790200000,
          "status": "geometry"
        },
        "12": {
          "validAt": 1788811800000,
          "status": "geometry"
        },
        "18": {
          "validAt": 1788833400000,
          "status": "geometry"
        }
      },
      "flags": {
        "cloudObscured": false,
        "lowForecastConfidence": false,
        "correction": false
      },
      "sourceUrl": "https://data.gdacs.org/gts.aspx?eventid=1000148&eventtype=VO",
      "sourceLine": 0,
      "revision": 0,
      "supersededBy": null
    },
    {
      "id": "DARWIN/262000/2026/196/1788780600000",
      "productId": "DARWIN/262000/2026/196",
      "number": "2026/196",
      "volcanoId": "262000",
      "issuedAt": 1788780600000,
      "observedAt": 1788779400000,
      "estimated": false,
      "leadStates": {
        "0": {
          "validAt": 1788779400000,
          "status": "geometry"
        },
        "6": {
          "validAt": 1788801000000,
          "status": "geometry"
        },
        "12": {
          "validAt": 1788822600000,
          "status": "geometry"
        },
        "18": {
          "validAt": 1788844200000,
          "status": "geometry"
        }
      },
      "flags": {
        "cloudObscured": false,
        "lowForecastConfidence": false,
        "correction": false
      },
      "sourceUrl": "https://data.gdacs.org/gts.aspx?eventid=1000148&eventtype=VO",
      "sourceLine": 0,
      "revision": 0,
      "supersededBy": null
    },
    {
      "id": "DARWIN/262000/2026/197/1788791400000",
      "productId": "DARWIN/262000/2026/197",
      "number": "2026/197",
      "volcanoId": "262000",
      "issuedAt": 1788791400000,
      "observedAt": 1788790200000,
      "estimated": false,
      "leadStates": {
        "0": {
          "validAt": 1788790200000,
          "status": "geometry"
        },
        "6": {
          "validAt": 1788811800000,
          "status": "geometry"
        },
        "12": {
          "validAt": 1788833400000,
          "status": "geometry"
        },
        "18": {
          "validAt": 1788855000000,
          "status": "geometry"
        }
      },
      "flags": {
        "cloudObscured": false,
        "lowForecastConfidence": false,
        "correction": false
      },
      "sourceUrl": "https://data.gdacs.org/gts.aspx?eventid=1000148&eventtype=VO",
      "sourceLine": 0,
      "revision": 0,
      "supersededBy": null
    },
    {
      "id": "DARWIN/262000/2026/198/1788802200000",
      "productId": "DARWIN/262000/2026/198",
      "number": "2026/198",
      "volcanoId": "262000",
      "issuedAt": 1788802200000,
      "observedAt": 1788801000000,
      "estimated": false,
      "leadStates": {
        "0": {
          "validAt": 1788801000000,
          "status": "geometry"
        },
        "6": {
          "validAt": 1788822600000,
          "status": "geometry"
        },
        "12": {
          "validAt": 1788844200000,
          "status": "geometry"
        },
        "18": {
          "validAt": 1788865800000,
          "status": "geometry"
        }
      },
      "flags": {
        "cloudObscured": false,
        "lowForecastConfidence": false,
        "correction": false
      },
      "sourceUrl": "https://data.gdacs.org/gts.aspx?eventid=1000148&eventtype=VO",
      "sourceLine": 0,
      "revision": 0,
      "supersededBy": null
    },
    {
      "id": "DARWIN/262000/2026/199/1788823800000",
      "productId": "DARWIN/262000/2026/199",
      "number": "2026/199",
      "volcanoId": "262000",
      "issuedAt": 1788823800000,
      "observedAt": 1788822600000,
      "estimated": false,
      "leadStates": {
        "0": {
          "validAt": 1788822600000,
          "status": "geometry"
        },
        "6": {
          "validAt": 1788844200000,
          "status": "geometry"
        },
        "12": {
          "validAt": 1788865800000,
          "status": "geometry"
        },
        "18": {
          "validAt": 1788887400000,
          "status": "geometry"
        }
      },
      "flags": {
        "cloudObscured": false,
        "lowForecastConfidence": false,
        "correction": false
      },
      "sourceUrl": "https://data.gdacs.org/gts.aspx?eventid=1000148&eventtype=VO",
      "sourceLine": 0,
      "revision": 0,
      "supersededBy": null
    },
    {
      "id": "DARWIN/262000/2026/200/1788845400000",
      "productId": "DARWIN/262000/2026/200",
      "number": "2026/200",
      "volcanoId": "262000",
      "issuedAt": 1788845400000,
      "observedAt": 1788844200000,
      "estimated": false,
      "leadStates": {
        "0": {
          "validAt": 1788844200000,
          "status": "geometry"
        },
        "6": {
          "validAt": 1788865800000,
          "status": "geometry"
        },
        "12": {
          "validAt": 1788887400000,
          "status": "geometry"
        },
        "18": {
          "validAt": 1788909000000,
          "status": "geometry"
        }
      },
      "flags": {
        "cloudObscured": false,
        "lowForecastConfidence": false,
        "correction": false
      },
      "sourceUrl": "https://data.gdacs.org/gts.aspx?eventid=1000148&eventtype=VO",
      "sourceLine": 0,
      "revision": 0,
      "supersededBy": null
    },
    {
      "id": "DARWIN/262000/2026/201/1788867000000",
      "productId": "DARWIN/262000/2026/201",
      "number": "2026/201",
      "volcanoId": "262000",
      "issuedAt": 1788867000000,
      "observedAt": 1788865800000,
      "estimated": false,
      "leadStates": {
        "0": {
          "validAt": 1788865800000,
          "status": "geometry"
        },
        "6": {
          "validAt": 1788887400000,
          "status": "geometry"
        },
        "12": {
          "validAt": 1788909000000,
          "status": "geometry"
        },
        "18": {
          "validAt": 1788930600000,
          "status": "geometry"
        }
      },
      "flags": {
        "cloudObscured": false,
        "lowForecastConfidence": false,
        "correction": false
      },
      "sourceUrl": "https://data.gdacs.org/gts.aspx?eventid=1000148&eventtype=VO",
      "sourceLine": 0,
      "revision": 0,
      "supersededBy": null
    }
  ],
  "features": [
    {
      "type": "Feature",
      "id": "DARWIN/262000/2026/174/1788589800000/0/0",
      "geometry": {
        "type": "Polygon",
        "coordinates": [
          [
            [
              105.366667,
              -5.733333
            ],
            [
              108.283333,
              -7.55
            ],
            [
              107.883333,
              -8.333333
            ],
            [
              104.066667,
              -7.716667
            ],
            [
              104.05,
              -6.433333
            ],
            [
              105.366667,
              -5.733333
            ]
          ]
        ]
      },
      "properties": {
        "lower": 0,
        "upper": 200,
        "leadHours": 0,
        "validAt": 1788588600000,
        "kind": "observed",
        "productId": "DARWIN/262000/2026/174",
        "number": "2026/174",
        "volcanoId": "262000",
        "issuedAt": 1788589800000,
        "observedAt": 1788588600000,
        "estimated": false,
        "sourceUrl": "https://data.gdacs.org/gts.aspx?eventid=1000148&eventtype=VO",
        "revision": 0,
        "supersededBy": null,
        "flags": {
          "cloudObscured": false,
          "lowForecastConfidence": false,
          "correction": false
        },
        "editionId": "DARWIN/262000/2026/174/1788589800000"
      }
    },
    {
      "type": "Feature",
      "id": "DARWIN/262000/2026/174/1788589800000/0/1",
      "geometry": {
        "type": "Polygon",
        "coordinates": [
          [
            [
              105.816667,
              -6.366667
            ],
            [
              98.966667,
              -8.683333
            ],
            [
              97.6,
              -6.383333
            ],
            [
              101.383333,
              -4.3
            ],
            [
              105.783333,
              -5.516667
            ],
            [
              105.816667,
              -6.366667
            ]
          ]
        ]
      },
      "properties": {
        "lower": 0,
        "upper": 500,
        "leadHours": 0,
        "validAt": 1788588600000,
        "kind": "observed",
        "productId": "DARWIN/262000/2026/174",
        "number": "2026/174",
        "volcanoId": "262000",
        "issuedAt": 1788589800000,
        "observedAt": 1788588600000,
        "estimated": false,
        "sourceUrl": "https://data.gdacs.org/gts.aspx?eventid=1000148&eventtype=VO",
        "revision": 0,
        "supersededBy": null,
        "flags": {
          "cloudObscured": false,
          "lowForecastConfidence": false,
          "correction": false
        },
        "editionId": "DARWIN/262000/2026/174/1788589800000"
      }
    },
    {
      "type": "Feature",
      "id": "DARWIN/262000/2026/174/1788589800000/6/0",
      "geometry": {
        "type": "Polygon",
        "coordinates": [
          [
            [
              105.333333,
              -5.766667
            ],
            [
              108.733333,
              -7.066667
            ],
            [
              107.983333,
              -8.6
            ],
            [
              105.35,
              -8.916667
            ],
            [
              103.166667,
              -7.333333
            ],
            [
              105.333333,
              -5.766667
            ]
          ]
        ]
      },
      "properties": {
        "lower": 0,
        "upper": 200,
        "leadHours": 6,
        "validAt": 1788610200000,
        "kind": "forecast",
        "productId": "DARWIN/262000/2026/174",
        "number": "2026/174",
        "volcanoId": "262000",
        "issuedAt": 1788589800000,
        "observedAt": 1788588600000,
        "estimated": false,
        "sourceUrl": "https://data.gdacs.org/gts.aspx?eventid=1000148&eventtype=VO",
        "revision": 0,
        "supersededBy": null,
        "flags": {
          "cloudObscured": false,
          "lowForecastConfidence": false,
          "correction": false
        },
        "editionId": "DARWIN/262000/2026/174/1788589800000"
      }
    },
    {
      "type": "Feature",
      "id": "DARWIN/262000/2026/174/1788589800000/6/1",
      "geometry": {
        "type": "Polygon",
        "coordinates": [
          [
            [
              105.816667,
              -6.416667
            ],
            [
              97.416667,
              -9.333333
            ],
            [
              95.5,
              -6.6
            ],
            [
              97.85,
              -3.933333
            ],
            [
              101.783333,
              -3.916667
            ],
            [
              105.8,
              -5.533333
            ],
            [
              105.816667,
              -6.416667
            ]
          ]
        ]
      },
      "properties": {
        "lower": 0,
        "upper": 500,
        "leadHours": 6,
        "validAt": 1788610200000,
        "kind": "forecast",
        "productId": "DARWIN/262000/2026/174",
        "number": "2026/174",
        "volcanoId": "262000",
        "issuedAt": 1788589800000,
        "observedAt": 1788588600000,
        "estimated": false,
        "sourceUrl": "https://data.gdacs.org/gts.aspx?eventid=1000148&eventtype=VO",
        "revision": 0,
        "supersededBy": null,
        "flags": {
          "cloudObscured": false,
          "lowForecastConfidence": false,
          "correction": false
        },
        "editionId": "DARWIN/262000/2026/174/1788589800000"
      }
    },
    {
      "type": "Feature",
      "id": "DARWIN/262000/2026/174/1788589800000/12/0",
      "geometry": {
        "type": "Polygon",
        "coordinates": [
          [
            [
              105.35,
              -5.75
            ],
            [
              108.8,
              -6.833333
            ],
            [
              108.066667,
              -8.866667
            ],
            [
              105.133333,
              -9.133333
            ],
            [
              102.4,
              -7.35
            ],
            [
              105.35,
              -5.75
            ]
          ]
        ]
      },
      "properties": {
        "lower": 0,
        "upper": 200,
        "leadHours": 12,
        "validAt": 1788631800000,
        "kind": "forecast",
        "productId": "DARWIN/262000/2026/174",
        "number": "2026/174",
        "volcanoId": "262000",
        "issuedAt": 1788589800000,
        "observedAt": 1788588600000,
        "estimated": false,
        "sourceUrl": "https://data.gdacs.org/gts.aspx?eventid=1000148&eventtype=VO",
        "revision": 0,
        "supersededBy": null,
        "flags": {
          "cloudObscured": false,
          "lowForecastConfidence": false,
          "correction": false
        },
        "editionId": "DARWIN/262000/2026/174/1788589800000"
      }
    },
    {
      "type": "Feature",
      "id": "DARWIN/262000/2026/174/1788589800000/12/1",
      "geometry": {
        "type": "Polygon",
        "coordinates": [
          [
            [
              105.8,
              -6.4
            ],
            [
              94.833333,
              -10.283333
            ],
            [
              92.866667,
              -5.783333
            ],
            [
              97.716667,
              -3.416667
            ],
            [
              102.283333,
              -3.75
            ],
            [
              105.783333,
              -5.216667
            ],
            [
              105.8,
              -6.4
            ]
          ]
        ]
      },
      "properties": {
        "lower": 0,
        "upper": 500,
        "leadHours": 12,
        "validAt": 1788631800000,
        "kind": "forecast",
        "productId": "DARWIN/262000/2026/174",
        "number": "2026/174",
        "volcanoId": "262000",
        "issuedAt": 1788589800000,
        "observedAt": 1788588600000,
        "estimated": false,
        "sourceUrl": "https://data.gdacs.org/gts.aspx?eventid=1000148&eventtype=VO",
        "revision": 0,
        "supersededBy": null,
        "flags": {
          "cloudObscured": false,
          "lowForecastConfidence": false,
          "correction": false
        },
        "editionId": "DARWIN/262000/2026/174/1788589800000"
      }
    },
    {
      "type": "Feature",
      "id": "DARWIN/262000/2026/174/1788589800000/18/0",
      "geometry": {
        "type": "Polygon",
        "coordinates": [
          [
            [
              105.8,
              -6.35
            ],
            [
              94.55,
              -10.933333
            ],
            [
              90.466667,
              -9.416667
            ],
            [
              90.5,
              -6.033333
            ],
            [
              97.7,
              -3.4
            ],
            [
              102.3,
              -3.716667
            ],
            [
              105.783333,
              -5.183333
            ],
            [
              105.8,
              -6.35
            ]
          ]
        ]
      },
      "properties": {
        "lower": 0,
        "upper": 500,
        "leadHours": 18,
        "validAt": 1788653400000,
        "kind": "forecast",
        "productId": "DARWIN/262000/2026/174",
        "number": "2026/174",
        "volcanoId": "262000",
        "issuedAt": 1788589800000,
        "observedAt": 1788588600000,
        "estimated": false,
        "sourceUrl": "https://data.gdacs.org/gts.aspx?eventid=1000148&eventtype=VO",
        "revision": 0,
        "supersededBy": null,
        "flags": {
          "cloudObscured": false,
          "lowForecastConfidence": false,
          "correction": false
        },
        "editionId": "DARWIN/262000/2026/174/1788589800000"
      }
    },
    {
      "type": "Feature",
      "id": "DARWIN/262000/2026/174/1788589800000/18/1",
      "geometry": {
        "type": "Polygon",
        "coordinates": [
          [
            [
              105.466667,
              -5.65
            ],
            [
              108.7,
              -6.566667
            ],
            [
              108.433333,
              -8.75
            ],
            [
              105.3,
              -9.716667
            ],
            [
              101.95,
              -7.6
            ],
            [
              105.466667,
              -5.65
            ]
          ]
        ]
      },
      "properties": {
        "lower": 0,
        "upper": 200,
        "leadHours": 18,
        "validAt": 1788653400000,
        "kind": "forecast",
        "productId": "DARWIN/262000/2026/174",
        "number": "2026/174",
        "volcanoId": "262000",
        "issuedAt": 1788589800000,
        "observedAt": 1788588600000,
        "estimated": false,
        "sourceUrl": "https://data.gdacs.org/gts.aspx?eventid=1000148&eventtype=VO",
        "revision": 0,
        "supersededBy": null,
        "flags": {
          "cloudObscured": false,
          "lowForecastConfidence": false,
          "correction": false
        },
        "editionId": "DARWIN/262000/2026/174/1788589800000"
      }
    },
    {
      "type": "Feature",
      "id": "DARWIN/262000/2026/175/1788597000000/0/0",
      "geometry": {
        "type": "Polygon",
        "coordinates": [
          [
            [
              105.366667,
              -5.733333
            ],
            [
              108.45,
              -7.616667
            ],
            [
              108.083333,
              -8.416667
            ],
            [
              103.9,
              -8.083333
            ],
            [
              103.916667,
              -6.5
            ],
            [
              105.366667,
              -5.733333
            ]
          ]
        ]
      },
      "properties": {
        "lower": 0,
        "upper": 200,
        "leadHours": 0,
        "validAt": 1788595800000,
        "kind": "observed",
        "productId": "DARWIN/262000/2026/175",
        "number": "2026/175",
        "volcanoId": "262000",
        "issuedAt": 1788597000000,
        "observedAt": 1788595800000,
        "estimated": false,
        "sourceUrl": "https://data.gdacs.org/gts.aspx?eventid=1000148&eventtype=VO",
        "revision": 0,
        "supersededBy": null,
        "flags": {
          "cloudObscured": false,
          "lowForecastConfidence": false,
          "correction": false
        },
        "editionId": "DARWIN/262000/2026/175/1788597000000"
      }
    },
    {
      "type": "Feature",
      "id": "DARWIN/262000/2026/175/1788597000000/0/1",
      "geometry": {
        "type": "Polygon",
        "coordinates": [
          [
            [
              105.816667,
              -6.366667
            ],
            [
              98.383333,
              -9.0
            ],
            [
              96.85,
              -5.383333
            ],
            [
              101.1,
              -4.216667
            ],
            [
              105.783333,
              -5.516667
            ],
            [
              105.816667,
              -6.366667
            ]
          ]
        ]
      },
      "properties": {
        "lower": 0,
        "upper": 500,
        "leadHours": 0,
        "validAt": 1788595800000,
        "kind": "observed",
        "productId": "DARWIN/262000/2026/175",
        "number": "2026/175",
        "volcanoId": "262000",
        "issuedAt": 1788597000000,
        "observedAt": 1788595800000,
        "estimated": false,
        "sourceUrl": "https://data.gdacs.org/gts.aspx?eventid=1000148&eventtype=VO",
        "revision": 0,
        "supersededBy": null,
        "flags": {
          "cloudObscured": false,
          "lowForecastConfidence": false,
          "correction": false
        },
        "editionId": "DARWIN/262000/2026/175/1788597000000"
      }
    },
    {
      "type": "Feature",
      "id": "DARWIN/262000/2026/175/1788597000000/6/0",
      "geometry": {
        "type": "Polygon",
        "coordinates": [
          [
            [
              105.35,
              -5.75
            ],
            [
              108.916667,
              -7.033333
            ],
            [
              108.166667,
              -8.783333
            ],
            [
              105.266667,
              -9.05
            ],
            [
              102.783333,
              -7.5
            ],
            [
              105.35,
              -5.75
            ]
          ]
        ]
      },
      "properties": {
        "lower": 0,
        "upper": 200,
        "leadHours": 6,
        "validAt": 1788617400000,
        "kind": "forecast",
        "productId": "DARWIN/262000/2026/175",
        "number": "2026/175",
        "volcanoId": "262000",
        "issuedAt": 1788597000000,
        "observedAt": 1788595800000,
        "estimated": false,
        "sourceUrl": "https://data.gdacs.org/gts.aspx?eventid=1000148&eventtype=VO",
        "revision": 0,
        "supersededBy": null,
        "flags": {
          "cloudObscured": false,
          "lowForecastConfidence": false,
          "correction": false
        },
        "editionId": "DARWIN/262000/2026/175/1788597000000"
      }
    },
    {
      "type": "Feature",
      "id": "DARWIN/262000/2026/175/1788597000000/6/1",
      "geometry": {
        "type": "Polygon",
        "coordinates": [
          [
            [
              105.816667,
              -6.416667
            ],
            [
              97.2,
              -9.483333
            ],
            [
              95.033333,
              -6.583333
            ],
            [
              97.85,
              -3.916667
            ],
            [
              101.783333,
              -3.916667
            ],
            [
              105.8,
              -5.533333
            ],
            [
              105.816667,
              -6.416667
            ]
          ]
        ]
      },
      "properties": {
        "lower": 0,
        "upper": 500,
        "leadHours": 6,
        "validAt": 1788617400000,
        "kind": "forecast",
        "productId": "DARWIN/262000/2026/175",
        "number": "2026/175",
        "volcanoId": "262000",
        "issuedAt": 1788597000000,
        "observedAt": 1788595800000,
        "estimated": false,
        "sourceUrl": "https://data.gdacs.org/gts.aspx?eventid=1000148&eventtype=VO",
        "revision": 0,
        "supersededBy": null,
        "flags": {
          "cloudObscured": false,
          "lowForecastConfidence": false,
          "correction": false
        },
        "editionId": "DARWIN/262000/2026/175/1788597000000"
      }
    },
    {
      "type": "Feature",
      "id": "DARWIN/262000/2026/175/1788597000000/12/0",
      "geometry": {
        "type": "Polygon",
        "coordinates": [
          [
            [
              105.35,
              -5.75
            ],
            [
              108.866667,
              -6.866667
            ],
            [
              108.116667,
              -8.966667
            ],
            [
              105.083333,
              -9.3
            ],
            [
              102.283333,
              -7.4
            ],
            [
              105.35,
              -5.75
            ]
          ]
        ]
      },
      "properties": {
        "lower": 0,
        "upper": 200,
        "leadHours": 12,
        "validAt": 1788639000000,
        "kind": "forecast",
        "productId": "DARWIN/262000/2026/175",
        "number": "2026/175",
        "volcanoId": "262000",
        "issuedAt": 1788597000000,
        "observedAt": 1788595800000,
        "estimated": false,
        "sourceUrl": "https://data.gdacs.org/gts.aspx?eventid=1000148&eventtype=VO",
        "revision": 0,
        "supersededBy": null,
        "flags": {
          "cloudObscured": false,
          "lowForecastConfidence": false,
          "correction": false
        },
        "editionId": "DARWIN/262000/2026/175/1788597000000"
      }
    },
    {
      "type": "Feature",
      "id": "DARWIN/262000/2026/175/1788597000000/12/1",
      "geometry": {
        "type": "Polygon",
        "coordinates": [
          [
            [
              105.8,
              -6.4
            ],
            [
              94.516667,
              -10.416667
            ],
            [
              92.516667,
              -5.9
            ],
            [
              97.716667,
              -3.416667
            ],
            [
              102.283333,
              -3.75
            ],
            [
              105.783333,
              -5.216667
            ],
            [
              105.8,
              -6.4
            ]
          ]
        ]
      },
      "properties": {
        "lower": 0,
        "upper": 500,
        "leadHours": 12,
        "validAt": 1788639000000,
        "kind": "forecast",
        "productId": "DARWIN/262000/2026/175",
        "number": "2026/175",
        "volcanoId": "262000",
        "issuedAt": 1788597000000,
        "observedAt": 1788595800000,
        "estimated": false,
        "sourceUrl": "https://data.gdacs.org/gts.aspx?eventid=1000148&eventtype=VO",
        "revision": 0,
        "supersededBy": null,
        "flags": {
          "cloudObscured": false,
          "lowForecastConfidence": false,
          "correction": false
        },
        "editionId": "DARWIN/262000/2026/175/1788597000000"
      }
    },
    {
      "type": "Feature",
      "id": "DARWIN/262000/2026/175/1788597000000/18/0",
      "geometry": {
        "type": "Polygon",
        "coordinates": [
          [
            [
              105.8,
              -6.35
            ],
            [
              93.833333,
              -11.25
            ],
            [
              89.95,
              -9.433333
            ],
            [
              89.95,
              -6.3
            ],
            [
              97.7,
              -3.4
            ],
            [
              102.3,
              -3.716667
            ],
            [
              105.783333,
              -5.183333
            ],
            [
              105.8,
              -6.35
            ]
          ]
        ]
      },
      "properties": {
        "lower": 0,
        "upper": 500,
        "leadHours": 18,
        "validAt": 1788660600000,
        "kind": "forecast",
        "productId": "DARWIN/262000/2026/175",
        "number": "2026/175",
        "volcanoId": "262000",
        "issuedAt": 1788597000000,
        "observedAt": 1788595800000,
        "estimated": false,
        "sourceUrl": "https://data.gdacs.org/gts.aspx?eventid=1000148&eventtype=VO",
        "revision": 0,
        "supersededBy": null,
        "flags": {
          "cloudObscured": false,
          "lowForecastConfidence": false,
          "correction": false
        },
        "editionId": "DARWIN/262000/2026/175/1788597000000"
      }
    },
    {
      "type": "Feature",
      "id": "DARWIN/262000/2026/175/1788597000000/18/1",
      "geometry": {
        "type": "Polygon",
        "coordinates": [
          [
            [
              105.5,
              -5.633333
            ],
            [
              108.7,
              -6.533333
            ],
            [
              108.433333,
              -8.916667
            ],
            [
              105.233333,
              -9.916667
            ],
            [
              101.733333,
              -7.716667
            ],
            [
              105.5,
              -5.633333
            ]
          ]
        ]
      },
      "properties": {
        "lower": 0,
        "upper": 200,
        "leadHours": 18,
        "validAt": 1788660600000,
        "kind": "forecast",
        "productId": "DARWIN/262000/2026/175",
        "number": "2026/175",
        "volcanoId": "262000",
        "issuedAt": 1788597000000,
        "observedAt": 1788595800000,
        "estimated": false,
        "sourceUrl": "https://data.gdacs.org/gts.aspx?eventid=1000148&eventtype=VO",
        "revision": 0,
        "supersededBy": null,
        "flags": {
          "cloudObscured": false,
          "lowForecastConfidence": false,
          "correction": false
        },
        "editionId": "DARWIN/262000/2026/175/1788597000000"
      }
    },
    {
      "type": "Feature",
      "id": "DARWIN/262000/2026/176/1788604200000/0/0",
      "geometry": {
        "type": "Polygon",
        "coordinates": [
          [
            [
              105.883333,
              -5.4
            ],
            [
              106.483333,
              -6.35
            ],
            [
              108.416667,
              -7.4
            ],
            [
              108.15,
              -8.95
            ],
            [
              105.083333,
              -9.266667
            ],
            [
              102.4,
              -7.55
            ],
            [
              105.883333,
              -5.4
            ]
          ]
        ]
      },
      "properties": {
        "lower": 0,
        "upper": 200,
        "leadHours": 0,
        "validAt": 1788603000000,
        "kind": "observed",
        "productId": "DARWIN/262000/2026/176",
        "number": "2026/176",
        "volcanoId": "262000",
        "issuedAt": 1788604200000,
        "observedAt": 1788603000000,
        "estimated": false,
        "sourceUrl": "https://data.gdacs.org/gts.aspx?eventid=1000148&eventtype=VO",
        "revision": 0,
        "supersededBy": null,
        "flags": {
          "cloudObscured": false,
          "lowForecastConfidence": false,
          "correction": false
        },
        "editionId": "DARWIN/262000/2026/176/1788604200000"
      }
    },
    {
      "type": "Feature",
      "id": "DARWIN/262000/2026/176/1788604200000/0/1",
      "geometry": {
        "type": "Polygon",
        "coordinates": [
          [
            [
              105.816667,
              -6.416667
            ],
            [
              98.166667,
              -9.15
            ],
            [
              96.35,
              -12.216667
            ],
            [
              91.716667,
              -7.383333
            ],
            [
              97.366667,
              -3.883333
            ],
            [
              103.5,
              -3.333333
            ],
            [
              105.883333,
              -5.333333
            ],
            [
              105.816667,
              -6.416667
            ]
          ]
        ]
      },
      "properties": {
        "lower": 0,
        "upper": 500,
        "leadHours": 0,
        "validAt": 1788603000000,
        "kind": "observed",
        "productId": "DARWIN/262000/2026/176",
        "number": "2026/176",
        "volcanoId": "262000",
        "issuedAt": 1788604200000,
        "observedAt": 1788603000000,
        "estimated": false,
        "sourceUrl": "https://data.gdacs.org/gts.aspx?eventid=1000148&eventtype=VO",
        "revision": 0,
        "supersededBy": null,
        "flags": {
          "cloudObscured": false,
          "lowForecastConfidence": false,
          "correction": false
        },
        "editionId": "DARWIN/262000/2026/176/1788604200000"
      }
    },
    {
      "type": "Feature",
      "id": "DARWIN/262000/2026/176/1788604200000/6/0",
      "geometry": {
        "type": "Polygon",
        "coordinates": [
          [
            [
              106.566667,
              -5.15
            ],
            [
              109.116667,
              -6.883333
            ],
            [
              108.116667,
              -8.966667
            ],
            [
              105.083333,
              -9.3
            ],
            [
              102.283333,
              -7.4
            ],
            [
              106.566667,
              -5.15
            ]
          ]
        ]
      },
      "properties": {
        "lower": 0,
        "upper": 200,
        "leadHours": 6,
        "validAt": 1788624600000,
        "kind": "forecast",
        "productId": "DARWIN/262000/2026/176",
        "number": "2026/176",
        "volcanoId": "262000",
        "issuedAt": 1788604200000,
        "observedAt": 1788603000000,
        "estimated": false,
        "sourceUrl": "https://data.gdacs.org/gts.aspx?eventid=1000148&eventtype=VO",
        "revision": 0,
        "supersededBy": null,
        "flags": {
          "cloudObscured": false,
          "lowForecastConfidence": false,
          "correction": false
        },
        "editionId": "DARWIN/262000/2026/176/1788604200000"
      }
    },
    {
      "type": "Feature",
      "id": "DARWIN/262000/2026/176/1788604200000/6/1",
      "geometry": {
        "type": "Polygon",
        "coordinates": [
          [
            [
              105.8,
              -6.4
            ],
            [
              99.333333,
              -8.833333
            ],
            [
              96.866667,
              -14.683333
            ],
            [
              88.883333,
              -7.6
            ],
            [
              97.116667,
              -2.983333
            ],
            [
              101.016667,
              -2.083333
            ],
            [
              106.616667,
              -5.116667
            ],
            [
              105.8,
              -6.4
            ]
          ]
        ]
      },
      "properties": {
        "lower": 0,
        "upper": 500,
        "leadHours": 6,
        "validAt": 1788624600000,
        "kind": "forecast",
        "productId": "DARWIN/262000/2026/176",
        "number": "2026/176",
        "volcanoId": "262000",
        "issuedAt": 1788604200000,
        "observedAt": 1788603000000,
        "estimated": false,
        "sourceUrl": "https://data.gdacs.org/gts.aspx?eventid=1000148&eventtype=VO",
        "revision": 0,
        "supersededBy": null,
        "flags": {
          "cloudObscured": false,
          "lowForecastConfidence": false,
          "correction": false
        },
        "editionId": "DARWIN/262000/2026/176/1788604200000"
      }
    },
    {
      "type": "Feature",
      "id": "DARWIN/262000/2026/176/1788604200000/12/0",
      "geometry": {
        "type": "Polygon",
        "coordinates": [
          [
            [
              107.016667,
              -4.916667
            ],
            [
              109.516667,
              -6.616667
            ],
            [
              108.683333,
              -8.9
            ],
            [
              105.233333,
              -9.916667
            ],
            [
              101.733333,
              -7.716667
            ],
            [
              107.016667,
              -4.916667
            ]
          ]
        ]
      },
      "properties": {
        "lower": 0,
        "upper": 200,
        "leadHours": 12,
        "validAt": 1788646200000,
        "kind": "forecast",
        "productId": "DARWIN/262000/2026/176",
        "number": "2026/176",
        "volcanoId": "262000",
        "issuedAt": 1788604200000,
        "observedAt": 1788603000000,
        "estimated": false,
        "sourceUrl": "https://data.gdacs.org/gts.aspx?eventid=1000148&eventtype=VO",
        "revision": 0,
        "supersededBy": null,
        "flags": {
          "cloudObscured": false,
          "lowForecastConfidence": false,
          "correction": false
        },
        "editionId": "DARWIN/262000/2026/176/1788604200000"
      }
    },
    {
      "type": "Feature",
      "id": "DARWIN/262000/2026/176/1788604200000/12/1",
      "geometry": {
        "type": "Polygon",
        "coordinates": [
          [
            [
              105.8,
              -6.35
            ],
            [
              99.216667,
              -9.383333
            ],
            [
              97.666667,
              -16.65
            ],
            [
              87.05,
              -8.366667
            ],
            [
              93.516667,
              -3.616667
            ],
            [
              99.9,
              -1.166667
            ],
            [
              107.283333,
              -5.05
            ],
            [
              105.8,
              -6.35
            ]
          ]
        ]
      },
      "properties": {
        "lower": 0,
        "upper": 500,
        "leadHours": 12,
        "validAt": 1788646200000,
        "kind": "forecast",
        "productId": "DARWIN/262000/2026/176",
        "number": "2026/176",
        "volcanoId": "262000",
        "issuedAt": 1788604200000,
        "observedAt": 1788603000000,
        "estimated": false,
        "sourceUrl": "https://data.gdacs.org/gts.aspx?eventid=1000148&eventtype=VO",
        "revision": 0,
        "supersededBy": null,
        "flags": {
          "cloudObscured": false,
          "lowForecastConfidence": false,
          "correction": false
        },
        "editionId": "DARWIN/262000/2026/176/1788604200000"
      }
    },
    {
      "type": "Feature",
      "id": "DARWIN/262000/2026/176/1788604200000/18/0",
      "geometry": {
        "type": "Polygon",
        "coordinates": [
          [
            [
              107.116667,
              -4.733333
            ],
            [
              110.016667,
              -6.8
            ],
            [
              108.916667,
              -8.983333
            ],
            [
              105.2,
              -9.8
            ],
            [
              101.633333,
              -7.633333
            ],
            [
              107.116667,
              -4.733333
            ]
          ]
        ]
      },
      "properties": {
        "lower": 0,
        "upper": 200,
        "leadHours": 18,
        "validAt": 1788667800000,
        "kind": "forecast",
        "productId": "DARWIN/262000/2026/176",
        "number": "2026/176",
        "volcanoId": "262000",
        "issuedAt": 1788604200000,
        "observedAt": 1788603000000,
        "estimated": false,
        "sourceUrl": "https://data.gdacs.org/gts.aspx?eventid=1000148&eventtype=VO",
        "revision": 0,
        "supersededBy": null,
        "flags": {
          "cloudObscured": false,
          "lowForecastConfidence": false,
          "correction": false
        },
        "editionId": "DARWIN/262000/2026/176/1788604200000"
      }
    },
    {
      "type": "Feature",
      "id": "DARWIN/262000/2026/176/1788604200000/18/1",
      "geometry": {
        "type": "Polygon",
        "coordinates": [
          [
            [
              106.183333,
              -6.833333
            ],
            [
              99.283333,
              -9.766667
            ],
            [
              97.733333,
              -18.55
            ],
            [
              84.25,
              -9.233333
            ],
            [
              91.266667,
              -3.516667
            ],
            [
              99.083333,
              0.033333
            ],
            [
              107.4,
              -5.0
            ],
            [
              106.183333,
              -6.833333
            ]
          ]
        ]
      },
      "properties": {
        "lower": 0,
        "upper": 500,
        "leadHours": 18,
        "validAt": 1788667800000,
        "kind": "forecast",
        "productId": "DARWIN/262000/2026/176",
        "number": "2026/176",
        "volcanoId": "262000",
        "issuedAt": 1788604200000,
        "observedAt": 1788603000000,
        "estimated": false,
        "sourceUrl": "https://data.gdacs.org/gts.aspx?eventid=1000148&eventtype=VO",
        "revision": 0,
        "supersededBy": null,
        "flags": {
          "cloudObscured": false,
          "lowForecastConfidence": false,
          "correction": false
        },
        "editionId": "DARWIN/262000/2026/176/1788604200000"
      }
    },
    {
      "type": "Feature",
      "id": "DARWIN/262000/2026/177/1788611400000/0/0",
      "geometry": {
        "type": "Polygon",
        "coordinates": [
          [
            [
              106.583333,
              -6.3
            ],
            [
              108.783333,
              -7.116667
            ],
            [
              108.016667,
              -8.933333
            ],
            [
              105.166667,
              -9.566667
            ],
            [
              102.283333,
              -7.4
            ],
            [
              106.566667,
              -5.1
            ],
            [
              106.583333,
              -6.3
            ]
          ]
        ]
      },
      "properties": {
        "lower": 0,
        "upper": 200,
        "leadHours": 0,
        "validAt": 1788610200000,
        "kind": "observed",
        "productId": "DARWIN/262000/2026/177",
        "number": "2026/177",
        "volcanoId": "262000",
        "issuedAt": 1788611400000,
        "observedAt": 1788610200000,
        "estimated": false,
        "sourceUrl": "https://data.gdacs.org/gts.aspx?eventid=1000148&eventtype=VO",
        "revision": 0,
        "supersededBy": null,
        "flags": {
          "cloudObscured": false,
          "lowForecastConfidence": false,
          "correction": false
        },
        "editionId": "DARWIN/262000/2026/177/1788611400000"
      }
    },
    {
      "type": "Feature",
      "id": "DARWIN/262000/2026/177/1788611400000/0/1",
      "geometry": {
        "type": "Polygon",
        "coordinates": [
          [
            [
              106.0,
              -6.816667
            ],
            [
              99.116667,
              -9.233333
            ],
            [
              96.1,
              -15.316667
            ],
            [
              87.516667,
              -9.0
            ],
            [
              96.466667,
              -2.95
            ],
            [
              101.683333,
              -1.983333
            ],
            [
              106.566667,
              -5.1
            ],
            [
              106.0,
              -6.816667
            ]
          ]
        ]
      },
      "properties": {
        "lower": 0,
        "upper": 500,
        "leadHours": 0,
        "validAt": 1788610200000,
        "kind": "observed",
        "productId": "DARWIN/262000/2026/177",
        "number": "2026/177",
        "volcanoId": "262000",
        "issuedAt": 1788611400000,
        "observedAt": 1788610200000,
        "estimated": false,
        "sourceUrl": "https://data.gdacs.org/gts.aspx?eventid=1000148&eventtype=VO",
        "revision": 0,
        "supersededBy": null,
        "flags": {
          "cloudObscured": false,
          "lowForecastConfidence": false,
          "correction": false
        },
        "editionId": "DARWIN/262000/2026/177/1788611400000"
      }
    },
    {
      "type": "Feature",
      "id": "DARWIN/262000/2026/177/1788611400000/6/0",
      "geometry": {
        "type": "Polygon",
        "coordinates": [
          [
            [
              107.016667,
              -4.916667
            ],
            [
              109.516667,
              -6.616667
            ],
            [
              108.683333,
              -8.9
            ],
            [
              105.233333,
              -9.916667
            ],
            [
              101.733333,
              -7.716667
            ],
            [
              107.016667,
              -4.916667
            ]
          ]
        ]
      },
      "properties": {
        "lower": 0,
        "upper": 200,
        "leadHours": 6,
        "validAt": 1788631800000,
        "kind": "forecast",
        "productId": "DARWIN/262000/2026/177",
        "number": "2026/177",
        "volcanoId": "262000",
        "issuedAt": 1788611400000,
        "observedAt": 1788610200000,
        "estimated": false,
        "sourceUrl": "https://data.gdacs.org/gts.aspx?eventid=1000148&eventtype=VO",
        "revision": 0,
        "supersededBy": null,
        "flags": {
          "cloudObscured": false,
          "lowForecastConfidence": false,
          "correction": false
        },
        "editionId": "DARWIN/262000/2026/177/1788611400000"
      }
    },
    {
      "type": "Feature",
      "id": "DARWIN/262000/2026/177/1788611400000/6/1",
      "geometry": {
        "type": "Polygon",
        "coordinates": [
          [
            [
              105.8,
              -6.35
            ],
            [
              99.216667,
              -9.383333
            ],
            [
              96.766667,
              -16.75
            ],
            [
              86.016667,
              -9.4
            ],
            [
              94.116667,
              -3.216667
            ],
            [
              99.9,
              -1.166667
            ],
            [
              107.283333,
              -5.05
            ],
            [
              105.8,
              -6.35
            ]
          ]
        ]
      },
      "properties": {
        "lower": 0,
        "upper": 500,
        "leadHours": 6,
        "validAt": 1788631800000,
        "kind": "forecast",
        "productId": "DARWIN/262000/2026/177",
        "number": "2026/177",
        "volcanoId": "262000",
        "issuedAt": 1788611400000,
        "observedAt": 1788610200000,
        "estimated": false,
        "sourceUrl": "https://data.gdacs.org/gts.aspx?eventid=1000148&eventtype=VO",
        "revision": 0,
        "supersededBy": null,
        "flags": {
          "cloudObscured": false,
          "lowForecastConfidence": false,
          "correction": false
        },
        "editionId": "DARWIN/262000/2026/177/1788611400000"
      }
    },
    {
      "type": "Feature",
      "id": "DARWIN/262000/2026/177/1788611400000/12/0",
      "geometry": {
        "type": "Polygon",
        "coordinates": [
          [
            [
              107.116667,
              -4.733333
            ],
            [
              110.15,
              -6.733333
            ],
            [
              108.916667,
              -8.983333
            ],
            [
              105.2,
              -9.8
            ],
            [
              101.633333,
              -7.633333
            ],
            [
              107.116667,
              -4.733333
            ]
          ]
        ]
      },
      "properties": {
        "lower": 0,
        "upper": 200,
        "leadHours": 12,
        "validAt": 1788653400000,
        "kind": "forecast",
        "productId": "DARWIN/262000/2026/177",
        "number": "2026/177",
        "volcanoId": "262000",
        "issuedAt": 1788611400000,
        "observedAt": 1788610200000,
        "estimated": false,
        "sourceUrl": "https://data.gdacs.org/gts.aspx?eventid=1000148&eventtype=VO",
        "revision": 0,
        "supersededBy": null,
        "flags": {
          "cloudObscured": false,
          "lowForecastConfidence": false,
          "correction": false
        },
        "editionId": "DARWIN/262000/2026/177/1788611400000"
      }
    },
    {
      "type": "Feature",
      "id": "DARWIN/262000/2026/177/1788611400000/12/1",
      "geometry": {
        "type": "Polygon",
        "coordinates": [
          [
            [
              106.183333,
              -6.833333
            ],
            [
              99.333333,
              -9.966667
            ],
            [
              97.433333,
              -18.15
            ],
            [
              84.333333,
              -10.183333
            ],
            [
              91.466667,
              -3.183333
            ],
            [
              99.216667,
              0.083333
            ],
            [
              107.4,
              -5.0
            ],
            [
              106.183333,
              -6.833333
            ]
          ]
        ]
      },
      "properties": {
        "lower": 0,
        "upper": 500,
        "leadHours": 12,
        "validAt": 1788653400000,
        "kind": "forecast",
        "productId": "DARWIN/262000/2026/177",
        "number": "2026/177",
        "volcanoId": "262000",
        "issuedAt": 1788611400000,
        "observedAt": 1788610200000,
        "estimated": false,
        "sourceUrl": "https://data.gdacs.org/gts.aspx?eventid=1000148&eventtype=VO",
        "revision": 0,
        "supersededBy": null,
        "flags": {
          "cloudObscured": false,
          "lowForecastConfidence": false,
          "correction": false
        },
        "editionId": "DARWIN/262000/2026/177/1788611400000"
      }
    },
    {
      "type": "Feature",
      "id": "DARWIN/262000/2026/177/1788611400000/18/0",
      "geometry": {
        "type": "Polygon",
        "coordinates": [
          [
            [
              107.2,
              -4.95
            ],
            [
              110.133333,
              -6.916667
            ],
            [
              108.983333,
              -9.116667
            ],
            [
              105.116667,
              -9.983333
            ],
            [
              101.683333,
              -7.433333
            ],
            [
              107.2,
              -4.95
            ]
          ]
        ]
      },
      "properties": {
        "lower": 0,
        "upper": 200,
        "leadHours": 18,
        "validAt": 1788675000000,
        "kind": "forecast",
        "productId": "DARWIN/262000/2026/177",
        "number": "2026/177",
        "volcanoId": "262000",
        "issuedAt": 1788611400000,
        "observedAt": 1788610200000,
        "estimated": false,
        "sourceUrl": "https://data.gdacs.org/gts.aspx?eventid=1000148&eventtype=VO",
        "revision": 0,
        "supersededBy": null,
        "flags": {
          "cloudObscured": false,
          "lowForecastConfidence": false,
          "correction": false
        },
        "editionId": "DARWIN/262000/2026/177/1788611400000"
      }
    },
    {
      "type": "Feature",
      "id": "DARWIN/262000/2026/177/1788611400000/18/1",
      "geometry": {
        "type": "Polygon",
        "coordinates": [
          [
            [
              106.233333,
              -6.983333
            ],
            [
              99.566667,
              -9.983333
            ],
            [
              98.716667,
              -19.266667
            ],
            [
              81.683333,
              -10.883333
            ],
            [
              90.666667,
              -2.866667
            ],
            [
              99.066667,
              0.65
            ],
            [
              107.316667,
              -4.966667
            ],
            [
              106.233333,
              -6.983333
            ]
          ]
        ]
      },
      "properties": {
        "lower": 0,
        "upper": 500,
        "leadHours": 18,
        "validAt": 1788675000000,
        "kind": "forecast",
        "productId": "DARWIN/262000/2026/177",
        "number": "2026/177",
        "volcanoId": "262000",
        "issuedAt": 1788611400000,
        "observedAt": 1788610200000,
        "estimated": false,
        "sourceUrl": "https://data.gdacs.org/gts.aspx?eventid=1000148&eventtype=VO",
        "revision": 0,
        "supersededBy": null,
        "flags": {
          "cloudObscured": false,
          "lowForecastConfidence": false,
          "correction": false
        },
        "editionId": "DARWIN/262000/2026/177/1788611400000"
      }
    },
    {
      "type": "Feature",
      "id": "DARWIN/262000/2026/178/1788618600000/0/0",
      "geometry": {
        "type": "Polygon",
        "coordinates": [
          [
            [
              106.433333,
              -5.0
            ],
            [
              107.016667,
              -6.566667
            ],
            [
              108.883333,
              -7.45
            ],
            [
              108.15,
              -8.85
            ],
            [
              105.6,
              -9.9
            ],
            [
              101.733333,
              -7.716667
            ],
            [
              106.433333,
              -5.0
            ]
          ]
        ]
      },
      "properties": {
        "lower": 0,
        "upper": 200,
        "leadHours": 0,
        "validAt": 1788617400000,
        "kind": "observed",
        "productId": "DARWIN/262000/2026/178",
        "number": "2026/178",
        "volcanoId": "262000",
        "issuedAt": 1788618600000,
        "observedAt": 1788617400000,
        "estimated": false,
        "sourceUrl": "https://data.gdacs.org/gts.aspx?eventid=1000148&eventtype=VO",
        "revision": 0,
        "supersededBy": null,
        "flags": {
          "cloudObscured": false,
          "lowForecastConfidence": false,
          "correction": false
        },
        "editionId": "DARWIN/262000/2026/178/1788618600000"
      }
    },
    {
      "type": "Feature",
      "id": "DARWIN/262000/2026/178/1788618600000/0/1",
      "geometry": {
        "type": "Polygon",
        "coordinates": [
          [
            [
              105.916667,
              -6.8
            ],
            [
              99.516667,
              -9.816667
            ],
            [
              94.633333,
              -16.95
            ],
            [
              85.833333,
              -10.083333
            ],
            [
              94.116667,
              -3.216667
            ],
            [
              100.95,
              -1.6
            ],
            [
              106.466667,
              -5.0
            ],
            [
              105.916667,
              -6.8
            ]
          ]
        ]
      },
      "properties": {
        "lower": 0,
        "upper": 500,
        "leadHours": 0,
        "validAt": 1788617400000,
        "kind": "observed",
        "productId": "DARWIN/262000/2026/178",
        "number": "2026/178",
        "volcanoId": "262000",
        "issuedAt": 1788618600000,
        "observedAt": 1788617400000,
        "estimated": false,
        "sourceUrl": "https://data.gdacs.org/gts.aspx?eventid=1000148&eventtype=VO",
        "revision": 0,
        "supersededBy": null,
        "flags": {
          "cloudObscured": false,
          "lowForecastConfidence": false,
          "correction": false
        },
        "editionId": "DARWIN/262000/2026/178/1788618600000"
      }
    },
    {
      "type": "Feature",
      "id": "DARWIN/262000/2026/178/1788618600000/6/0",
      "geometry": {
        "type": "Polygon",
        "coordinates": [
          [
            [
              107.2,
              -4.983333
            ],
            [
              110.15,
              -6.733333
            ],
            [
              108.916667,
              -8.983333
            ],
            [
              105.2,
              -9.8
            ],
            [
              101.633333,
              -7.633333
            ],
            [
              107.2,
              -4.983333
            ]
          ]
        ]
      },
      "properties": {
        "lower": 0,
        "upper": 200,
        "leadHours": 6,
        "validAt": 1788639000000,
        "kind": "forecast",
        "productId": "DARWIN/262000/2026/178",
        "number": "2026/178",
        "volcanoId": "262000",
        "issuedAt": 1788618600000,
        "observedAt": 1788617400000,
        "estimated": false,
        "sourceUrl": "https://data.gdacs.org/gts.aspx?eventid=1000148&eventtype=VO",
        "revision": 0,
        "supersededBy": null,
        "flags": {
          "cloudObscured": false,
          "lowForecastConfidence": false,
          "correction": false
        },
        "editionId": "DARWIN/262000/2026/178/1788618600000"
      }
    },
    {
      "type": "Feature",
      "id": "DARWIN/262000/2026/178/1788618600000/6/1",
      "geometry": {
        "type": "Polygon",
        "coordinates": [
          [
            [
              106.183333,
              -6.833333
            ],
            [
              99.333333,
              -9.966667
            ],
            [
              94.45,
              -18.733333
            ],
            [
              83.05,
              -11.483333
            ],
            [
              91.466667,
              -3.183333
            ],
            [
              99.216667,
              0.083333
            ],
            [
              107.4,
              -5.0
            ],
            [
              106.183333,
              -6.833333
            ]
          ]
        ]
      },
      "properties": {
        "lower": 0,
        "upper": 500,
        "leadHours": 6,
        "validAt": 1788639000000,
        "kind": "forecast",
        "productId": "DARWIN/262000/2026/178",
        "number": "2026/178",
        "volcanoId": "262000",
        "issuedAt": 1788618600000,
        "observedAt": 1788617400000,
        "estimated": false,
        "sourceUrl": "https://data.gdacs.org/gts.aspx?eventid=1000148&eventtype=VO",
        "revision": 0,
        "supersededBy": null,
        "flags": {
          "cloudObscured": false,
          "lowForecastConfidence": false,
          "correction": false
        },
        "editionId": "DARWIN/262000/2026/178/1788618600000"
      }
    },
    {
      "type": "Feature",
      "id": "DARWIN/262000/2026/178/1788618600000/12/0",
      "geometry": {
        "type": "Polygon",
        "coordinates": [
          [
            [
              107.2,
              -4.95
            ],
            [
              110.133333,
              -6.916667
            ],
            [
              108.983333,
              -9.116667
            ],
            [
              105.116667,
              -9.983333
            ],
            [
              101.683333,
              -7.433333
            ],
            [
              107.2,
              -4.95
            ]
          ]
        ]
      },
      "properties": {
        "lower": 0,
        "upper": 200,
        "leadHours": 12,
        "validAt": 1788660600000,
        "kind": "forecast",
        "productId": "DARWIN/262000/2026/178",
        "number": "2026/178",
        "volcanoId": "262000",
        "issuedAt": 1788618600000,
        "observedAt": 1788617400000,
        "estimated": false,
        "sourceUrl": "https://data.gdacs.org/gts.aspx?eventid=1000148&eventtype=VO",
        "revision": 0,
        "supersededBy": null,
        "flags": {
          "cloudObscured": false,
          "lowForecastConfidence": false,
          "correction": false
        },
        "editionId": "DARWIN/262000/2026/178/1788618600000"
      }
    },
    {
      "type": "Feature",
      "id": "DARWIN/262000/2026/178/1788618600000/12/1",
      "geometry": {
        "type": "Polygon",
        "coordinates": [
          [
            [
              106.233333,
              -6.983333
            ],
            [
              99.416667,
              -9.983333
            ],
            [
              94.483333,
              -19.65
            ],
            [
              80.166667,
              -12.066667
            ],
            [
              90.666667,
              -2.866667
            ],
            [
              99.066667,
              0.65
            ],
            [
              107.316667,
              -4.966667
            ],
            [
              106.233333,
              -6.983333
            ]
          ]
        ]
      },
      "properties": {
        "lower": 0,
        "upper": 500,
        "leadHours": 12,
        "validAt": 1788660600000,
        "kind": "forecast",
        "productId": "DARWIN/262000/2026/178",
        "number": "2026/178",
        "volcanoId": "262000",
        "issuedAt": 1788618600000,
        "observedAt": 1788617400000,
        "estimated": false,
        "sourceUrl": "https://data.gdacs.org/gts.aspx?eventid=1000148&eventtype=VO",
        "revision": 0,
        "supersededBy": null,
        "flags": {
          "cloudObscured": false,
          "lowForecastConfidence": false,
          "correction": false
        },
        "editionId": "DARWIN/262000/2026/178/1788618600000"
      }
    },
    {
      "type": "Feature",
      "id": "DARWIN/262000/2026/178/1788618600000/18/0",
      "geometry": {
        "type": "Polygon",
        "coordinates": [
          [
            [
              107.166667,
              -5.016667
            ],
            [
              110.283333,
              -6.883333
            ],
            [
              109.216667,
              -9.05
            ],
            [
              105.25,
              -10.016667
            ],
            [
              101.783333,
              -7.45
            ],
            [
              107.166667,
              -5.016667
            ]
          ]
        ]
      },
      "properties": {
        "lower": 0,
        "upper": 200,
        "leadHours": 18,
        "validAt": 1788682200000,
        "kind": "forecast",
        "productId": "DARWIN/262000/2026/178",
        "number": "2026/178",
        "volcanoId": "262000",
        "issuedAt": 1788618600000,
        "observedAt": 1788617400000,
        "estimated": false,
        "sourceUrl": "https://data.gdacs.org/gts.aspx?eventid=1000148&eventtype=VO",
        "revision": 0,
        "supersededBy": null,
        "flags": {
          "cloudObscured": false,
          "lowForecastConfidence": false,
          "correction": false
        },
        "editionId": "DARWIN/262000/2026/178/1788618600000"
      }
    },
    {
      "type": "Feature",
      "id": "DARWIN/262000/2026/178/1788618600000/18/1",
      "geometry": {
        "type": "Polygon",
        "coordinates": [
          [
            [
              106.433333,
              -6.9
            ],
            [
              99.316667,
              -9.983333
            ],
            [
              94.616667,
              -19.816667
            ],
            [
              78.016667,
              -13.283333
            ],
            [
              89.583333,
              -2.8
            ],
            [
              99.033333,
              0.683333
            ],
            [
              107.366667,
              -5.083333
            ],
            [
              106.433333,
              -6.9
            ]
          ]
        ]
      },
      "properties": {
        "lower": 0,
        "upper": 500,
        "leadHours": 18,
        "validAt": 1788682200000,
        "kind": "forecast",
        "productId": "DARWIN/262000/2026/178",
        "number": "2026/178",
        "volcanoId": "262000",
        "issuedAt": 1788618600000,
        "observedAt": 1788617400000,
        "estimated": false,
        "sourceUrl": "https://data.gdacs.org/gts.aspx?eventid=1000148&eventtype=VO",
        "revision": 0,
        "supersededBy": null,
        "flags": {
          "cloudObscured": false,
          "lowForecastConfidence": false,
          "correction": false
        },
        "editionId": "DARWIN/262000/2026/178/1788618600000"
      }
    },
    {
      "type": "Feature",
      "id": "DARWIN/262000/2026/179/1788625800000/0/0",
      "geometry": {
        "type": "Polygon",
        "coordinates": [
          [
            [
              107.166667,
              -5.316667
            ],
            [
              109.5,
              -6.65
            ],
            [
              108.483333,
              -9.033333
            ],
            [
              105.233333,
              -9.55
            ],
            [
              101.633333,
              -7.633333
            ],
            [
              107.166667,
              -5.316667
            ]
          ]
        ]
      },
      "properties": {
        "lower": 0,
        "upper": 200,
        "leadHours": 0,
        "validAt": 1788624600000,
        "kind": "observed",
        "productId": "DARWIN/262000/2026/179",
        "number": "2026/179",
        "volcanoId": "262000",
        "issuedAt": 1788625800000,
        "observedAt": 1788624600000,
        "estimated": false,
        "sourceUrl": "https://data.gdacs.org/gts.aspx?eventid=1000148&eventtype=VO",
        "revision": 0,
        "supersededBy": null,
        "flags": {
          "cloudObscured": false,
          "lowForecastConfidence": false,
          "correction": false
        },
        "editionId": "DARWIN/262000/2026/179/1788625800000"
      }
    },
    {
      "type": "Feature",
      "id": "DARWIN/262000/2026/179/1788625800000/0/1",
      "geometry": {
        "type": "Polygon",
        "coordinates": [
          [
            [
              106.183333,
              -7.183333
            ],
            [
              99.5,
              -10.116667
            ],
            [
              94.766667,
              -15.783333
            ],
            [
              83.8,
              -11.466667
            ],
            [
              91.466667,
              -3.183333
            ],
            [
              101.266667,
              -1.7
            ],
            [
              107.25,
              -5.283333
            ],
            [
              106.183333,
              -7.183333
            ]
          ]
        ]
      },
      "properties": {
        "lower": 0,
        "upper": 500,
        "leadHours": 0,
        "validAt": 1788624600000,
        "kind": "observed",
        "productId": "DARWIN/262000/2026/179",
        "number": "2026/179",
        "volcanoId": "262000",
        "issuedAt": 1788625800000,
        "observedAt": 1788624600000,
        "estimated": false,
        "sourceUrl": "https://data.gdacs.org/gts.aspx?eventid=1000148&eventtype=VO",
        "revision": 0,
        "supersededBy": null,
        "flags": {
          "cloudObscured": false,
          "lowForecastConfidence": false,
          "correction": false
        },
        "editionId": "DARWIN/262000/2026/179/1788625800000"
      }
    },
    {
      "type": "Feature",
      "id": "DARWIN/262000/2026/179/1788625800000/6/0",
      "geometry": {
        "type": "Polygon",
        "coordinates": [
          [
            [
              107.033333,
              -5.066667
            ],
            [
              110.133333,
              -6.916667
            ],
            [
              108.983333,
              -9.116667
            ],
            [
              105.116667,
              -9.983333
            ],
            [
              101.683333,
              -7.433333
            ],
            [
              107.033333,
              -5.066667
            ]
          ]
        ]
      },
      "properties": {
        "lower": 0,
        "upper": 200,
        "leadHours": 6,
        "validAt": 1788646200000,
        "kind": "forecast",
        "productId": "DARWIN/262000/2026/179",
        "number": "2026/179",
        "volcanoId": "262000",
        "issuedAt": 1788625800000,
        "observedAt": 1788624600000,
        "estimated": false,
        "sourceUrl": "https://data.gdacs.org/gts.aspx?eventid=1000148&eventtype=VO",
        "revision": 0,
        "supersededBy": null,
        "flags": {
          "cloudObscured": false,
          "lowForecastConfidence": false,
          "correction": false
        },
        "editionId": "DARWIN/262000/2026/179/1788625800000"
      }
    },
    {
      "type": "Feature",
      "id": "DARWIN/262000/2026/179/1788625800000/6/1",
      "geometry": {
        "type": "Polygon",
        "coordinates": [
          [
            [
              106.233333,
              -6.983333
            ],
            [
              99.533333,
              -10.483333
            ],
            [
              95.216667,
              -17.45
            ],
            [
              81.066667,
              -12.166667
            ],
            [
              90.666667,
              -2.866667
            ],
            [
              99.533333,
              -0.05
            ],
            [
              107.066667,
              -5.066667
            ],
            [
              106.233333,
              -6.983333
            ]
          ]
        ]
      },
      "properties": {
        "lower": 0,
        "upper": 500,
        "leadHours": 6,
        "validAt": 1788646200000,
        "kind": "forecast",
        "productId": "DARWIN/262000/2026/179",
        "number": "2026/179",
        "volcanoId": "262000",
        "issuedAt": 1788625800000,
        "observedAt": 1788624600000,
        "estimated": false,
        "sourceUrl": "https://data.gdacs.org/gts.aspx?eventid=1000148&eventtype=VO",
        "revision": 0,
        "supersededBy": null,
        "flags": {
          "cloudObscured": false,
          "lowForecastConfidence": false,
          "correction": false
        },
        "editionId": "DARWIN/262000/2026/179/1788625800000"
      }
    },
    {
      "type": "Feature",
      "id": "DARWIN/262000/2026/179/1788625800000/12/0",
      "geometry": {
        "type": "Polygon",
        "coordinates": [
          [
            [
              107.166667,
              -5.016667
            ],
            [
              110.283333,
              -6.883333
            ],
            [
              109.216667,
              -9.05
            ],
            [
              105.25,
              -10.016667
            ],
            [
              101.783333,
              -7.45
            ],
            [
              107.166667,
              -5.016667
            ]
          ]
        ]
      },
      "properties": {
        "lower": 0,
        "upper": 200,
        "leadHours": 12,
        "validAt": 1788667800000,
        "kind": "forecast",
        "productId": "DARWIN/262000/2026/179",
        "number": "2026/179",
        "volcanoId": "262000",
        "issuedAt": 1788625800000,
        "observedAt": 1788624600000,
        "estimated": false,
        "sourceUrl": "https://data.gdacs.org/gts.aspx?eventid=1000148&eventtype=VO",
        "revision": 0,
        "supersededBy": null,
        "flags": {
          "cloudObscured": false,
          "lowForecastConfidence": false,
          "correction": false
        },
        "editionId": "DARWIN/262000/2026/179/1788625800000"
      }
    },
    {
      "type": "Feature",
      "id": "DARWIN/262000/2026/179/1788625800000/12/1",
      "geometry": {
        "type": "Polygon",
        "coordinates": [
          [
            [
              106.433333,
              -6.9
            ],
            [
              99.95,
              -10.266667
            ],
            [
              95.083333,
              -18.933333
            ],
            [
              79.2,
              -12.733333
            ],
            [
              89.383333,
              -3.083333
            ],
            [
              99.75,
              0.166667
            ],
            [
              107.133333,
              -5.1
            ],
            [
              106.433333,
              -6.9
            ]
          ]
        ]
      },
      "properties": {
        "lower": 0,
        "upper": 500,
        "leadHours": 12,
        "validAt": 1788667800000,
        "kind": "forecast",
        "productId": "DARWIN/262000/2026/179",
        "number": "2026/179",
        "volcanoId": "262000",
        "issuedAt": 1788625800000,
        "observedAt": 1788624600000,
        "estimated": false,
        "sourceUrl": "https://data.gdacs.org/gts.aspx?eventid=1000148&eventtype=VO",
        "revision": 0,
        "supersededBy": null,
        "flags": {
          "cloudObscured": false,
          "lowForecastConfidence": false,
          "correction": false
        },
        "editionId": "DARWIN/262000/2026/179/1788625800000"
      }
    },
    {
      "type": "Feature",
      "id": "DARWIN/262000/2026/179/1788625800000/18/0",
      "geometry": {
        "type": "Polygon",
        "coordinates": [
          [
            [
              107.0,
              -5.066667
            ],
            [
              110.15,
              -6.683333
            ],
            [
              109.266667,
              -9.066667
            ],
            [
              105.016667,
              -9.983333
            ],
            [
              101.866667,
              -7.366667
            ],
            [
              107.0,
              -5.066667
            ]
          ]
        ]
      },
      "properties": {
        "lower": 0,
        "upper": 200,
        "leadHours": 18,
        "validAt": 1788689400000,
        "kind": "forecast",
        "productId": "DARWIN/262000/2026/179",
        "number": "2026/179",
        "volcanoId": "262000",
        "issuedAt": 1788625800000,
        "observedAt": 1788624600000,
        "estimated": false,
        "sourceUrl": "https://data.gdacs.org/gts.aspx?eventid=1000148&eventtype=VO",
        "revision": 0,
        "supersededBy": null,
        "flags": {
          "cloudObscured": false,
          "lowForecastConfidence": false,
          "correction": false
        },
        "editionId": "DARWIN/262000/2026/179/1788625800000"
      }
    },
    {
      "type": "Feature",
      "id": "DARWIN/262000/2026/179/1788625800000/18/1",
      "geometry": {
        "type": "Polygon",
        "coordinates": [
          [
            [
              106.466667,
              -6.866667
            ],
            [
              100.0,
              -10.433333
            ],
            [
              94.933333,
              -19.916667
            ],
            [
              78.283333,
              -13.233333
            ],
            [
              88.966667,
              -3.15
            ],
            [
              99.666667,
              0.466667
            ],
            [
              106.966667,
              -5.0
            ],
            [
              106.466667,
              -6.866667
            ]
          ]
        ]
      },
      "properties": {
        "lower": 0,
        "upper": 500,
        "leadHours": 18,
        "validAt": 1788689400000,
        "kind": "forecast",
        "productId": "DARWIN/262000/2026/179",
        "number": "2026/179",
        "volcanoId": "262000",
        "issuedAt": 1788625800000,
        "observedAt": 1788624600000,
        "estimated": false,
        "sourceUrl": "https://data.gdacs.org/gts.aspx?eventid=1000148&eventtype=VO",
        "revision": 0,
        "supersededBy": null,
        "flags": {
          "cloudObscured": false,
          "lowForecastConfidence": false,
          "correction": false
        },
        "editionId": "DARWIN/262000/2026/179/1788625800000"
      }
    },
    {
      "type": "Feature",
      "id": "DARWIN/262000/2026/180/1788633000000/0/0",
      "geometry": {
        "type": "Polygon",
        "coordinates": [
          [
            [
              107.033333,
              -5.066667
            ],
            [
              110.083333,
              -6.816667
            ],
            [
              109.166667,
              -9.05
            ],
            [
              105.116667,
              -9.983333
            ],
            [
              101.683333,
              -7.433333
            ],
            [
              107.033333,
              -5.066667
            ]
          ]
        ]
      },
      "properties": {
        "lower": 0,
        "upper": 200,
        "leadHours": 0,
        "validAt": 1788631800000,
        "kind": "observed",
        "productId": "DARWIN/262000/2026/180",
        "number": "2026/180",
        "volcanoId": "262000",
        "issuedAt": 1788633000000,
        "observedAt": 1788631800000,
        "estimated": false,
        "sourceUrl": "https://data.gdacs.org/gts.aspx?eventid=1000148&eventtype=VO",
        "revision": 0,
        "supersededBy": null,
        "flags": {
          "cloudObscured": false,
          "lowForecastConfidence": false,
          "correction": false
        },
        "editionId": "DARWIN/262000/2026/180/1788633000000"
      }
    },
    {
      "type": "Feature",
      "id": "DARWIN/262000/2026/180/1788633000000/0/1",
      "geometry": {
        "type": "Polygon",
        "coordinates": [
          [
            [
              106.25,
              -7.316667
            ],
            [
              99.566667,
              -10.566667
            ],
            [
              95.933333,
              -15.75
            ],
            [
              83.75,
              -12.333333
            ],
            [
              90.666667,
              -2.866667
            ],
            [
              100.583333,
              -0.75
            ],
            [
              107.066667,
              -5.066667
            ],
            [
              106.25,
              -7.316667
            ]
          ]
        ]
      },
      "properties": {
        "lower": 0,
        "upper": 500,
        "leadHours": 0,
        "validAt": 1788631800000,
        "kind": "observed",
        "productId": "DARWIN/262000/2026/180",
        "number": "2026/180",
        "volcanoId": "262000",
        "issuedAt": 1788633000000,
        "observedAt": 1788631800000,
        "estimated": false,
        "sourceUrl": "https://data.gdacs.org/gts.aspx?eventid=1000148&eventtype=VO",
        "revision": 0,
        "supersededBy": null,
        "flags": {
          "cloudObscured": false,
          "lowForecastConfidence": false,
          "correction": false
        },
        "editionId": "DARWIN/262000/2026/180/1788633000000"
      }
    },
    {
      "type": "Feature",
      "id": "DARWIN/262000/2026/180/1788633000000/6/0",
      "geometry": {
        "type": "Polygon",
        "coordinates": [
          [
            [
              107.0,
              -5.033333
            ],
            [
              110.166667,
              -6.733333
            ],
            [
              109.216667,
              -9.05
            ],
            [
              105.083333,
              -10.0
            ],
            [
              101.783333,
              -7.45
            ],
            [
              107.0,
              -5.033333
            ]
          ]
        ]
      },
      "properties": {
        "lower": 0,
        "upper": 200,
        "leadHours": 6,
        "validAt": 1788653400000,
        "kind": "forecast",
        "productId": "DARWIN/262000/2026/180",
        "number": "2026/180",
        "volcanoId": "262000",
        "issuedAt": 1788633000000,
        "observedAt": 1788631800000,
        "estimated": false,
        "sourceUrl": "https://data.gdacs.org/gts.aspx?eventid=1000148&eventtype=VO",
        "revision": 0,
        "supersededBy": null,
        "flags": {
          "cloudObscured": false,
          "lowForecastConfidence": false,
          "correction": false
        },
        "editionId": "DARWIN/262000/2026/180/1788633000000"
      }
    },
    {
      "type": "Feature",
      "id": "DARWIN/262000/2026/180/1788633000000/6/1",
      "geometry": {
        "type": "Polygon",
        "coordinates": [
          [
            [
              106.283333,
              -7.233333
            ],
            [
              99.95,
              -10.266667
            ],
            [
              96.066667,
              -17.166667
            ],
            [
              81.516667,
              -12.766667
            ],
            [
              90.433333,
              -2.916667
            ],
            [
              100.333333,
              -0.383333
            ],
            [
              107.133333,
              -5.1
            ],
            [
              106.283333,
              -7.233333
            ]
          ]
        ]
      },
      "properties": {
        "lower": 0,
        "upper": 500,
        "leadHours": 6,
        "validAt": 1788653400000,
        "kind": "forecast",
        "productId": "DARWIN/262000/2026/180",
        "number": "2026/180",
        "volcanoId": "262000",
        "issuedAt": 1788633000000,
        "observedAt": 1788631800000,
        "estimated": false,
        "sourceUrl": "https://data.gdacs.org/gts.aspx?eventid=1000148&eventtype=VO",
        "revision": 0,
        "supersededBy": null,
        "flags": {
          "cloudObscured": false,
          "lowForecastConfidence": false,
          "correction": false
        },
        "editionId": "DARWIN/262000/2026/180/1788633000000"
      }
    },
    {
      "type": "Feature",
      "id": "DARWIN/262000/2026/180/1788633000000/12/0",
      "geometry": {
        "type": "Polygon",
        "coordinates": [
          [
            [
              106.966667,
              -4.983333
            ],
            [
              110.15,
              -6.683333
            ],
            [
              109.266667,
              -9.066667
            ],
            [
              105.016667,
              -9.983333
            ],
            [
              101.816667,
              -7.466667
            ],
            [
              106.966667,
              -4.983333
            ]
          ]
        ]
      },
      "properties": {
        "lower": 0,
        "upper": 200,
        "leadHours": 12,
        "validAt": 1788675000000,
        "kind": "forecast",
        "productId": "DARWIN/262000/2026/180",
        "number": "2026/180",
        "volcanoId": "262000",
        "issuedAt": 1788633000000,
        "observedAt": 1788631800000,
        "estimated": false,
        "sourceUrl": "https://data.gdacs.org/gts.aspx?eventid=1000148&eventtype=VO",
        "revision": 0,
        "supersededBy": null,
        "flags": {
          "cloudObscured": false,
          "lowForecastConfidence": false,
          "correction": false
        },
        "editionId": "DARWIN/262000/2026/180/1788633000000"
      }
    },
    {
      "type": "Feature",
      "id": "DARWIN/262000/2026/180/1788633000000/12/1",
      "geometry": {
        "type": "Polygon",
        "coordinates": [
          [
            [
              106.416667,
              -7.233333
            ],
            [
              100.0,
              -10.433333
            ],
            [
              95.916667,
              -18.383333
            ],
            [
              79.783333,
              -13.466667
            ],
            [
              90.533333,
              -2.816667
            ],
            [
              100.333333,
              -0.383333
            ],
            [
              106.966667,
              -5.0
            ],
            [
              106.416667,
              -7.233333
            ]
          ]
        ]
      },
      "properties": {
        "lower": 0,
        "upper": 500,
        "leadHours": 12,
        "validAt": 1788675000000,
        "kind": "forecast",
        "productId": "DARWIN/262000/2026/180",
        "number": "2026/180",
        "volcanoId": "262000",
        "issuedAt": 1788633000000,
        "observedAt": 1788631800000,
        "estimated": false,
        "sourceUrl": "https://data.gdacs.org/gts.aspx?eventid=1000148&eventtype=VO",
        "revision": 0,
        "supersededBy": null,
        "flags": {
          "cloudObscured": false,
          "lowForecastConfidence": false,
          "correction": false
        },
        "editionId": "DARWIN/262000/2026/180/1788633000000"
      }
    },
    {
      "type": "Feature",
      "id": "DARWIN/262000/2026/180/1788633000000/18/0",
      "geometry": {
        "type": "Polygon",
        "coordinates": [
          [
            [
              107.0,
              -5.066667
            ],
            [
              110.116667,
              -6.683333
            ],
            [
              109.233333,
              -9.016667
            ],
            [
              105.016667,
              -10.0
            ],
            [
              101.783333,
              -7.466667
            ],
            [
              107.0,
              -5.066667
            ]
          ]
        ]
      },
      "properties": {
        "lower": 0,
        "upper": 200,
        "leadHours": 18,
        "validAt": 1788696600000,
        "kind": "forecast",
        "productId": "DARWIN/262000/2026/180",
        "number": "2026/180",
        "volcanoId": "262000",
        "issuedAt": 1788633000000,
        "observedAt": 1788631800000,
        "estimated": false,
        "sourceUrl": "https://data.gdacs.org/gts.aspx?eventid=1000148&eventtype=VO",
        "revision": 0,
        "supersededBy": null,
        "flags": {
          "cloudObscured": false,
          "lowForecastConfidence": false,
          "correction": false
        },
        "editionId": "DARWIN/262000/2026/180/1788633000000"
      }
    },
    {
      "type": "Feature",
      "id": "DARWIN/262000/2026/180/1788633000000/18/1",
      "geometry": {
        "type": "Polygon",
        "coordinates": [
          [
            [
              106.283333,
              -7.233333
            ],
            [
              99.9,
              -10.366667
            ],
            [
              95.583333,
              -19.283333
            ],
            [
              78.95,
              -14.316667
            ],
            [
              90.533333,
              -2.816667
            ],
            [
              100.333333,
              -0.383333
            ],
            [
              107.0,
              -5.066667
            ],
            [
              106.283333,
              -7.233333
            ]
          ]
        ]
      },
      "properties": {
        "lower": 0,
        "upper": 500,
        "leadHours": 18,
        "validAt": 1788696600000,
        "kind": "forecast",
        "productId": "DARWIN/262000/2026/180",
        "number": "2026/180",
        "volcanoId": "262000",
        "issuedAt": 1788633000000,
        "observedAt": 1788631800000,
        "estimated": false,
        "sourceUrl": "https://data.gdacs.org/gts.aspx?eventid=1000148&eventtype=VO",
        "revision": 0,
        "supersededBy": null,
        "flags": {
          "cloudObscured": false,
          "lowForecastConfidence": false,
          "correction": false
        },
        "editionId": "DARWIN/262000/2026/180/1788633000000"
      }
    },
    {
      "type": "Feature",
      "id": "DARWIN/262000/2026/181/1788640200000/0/0",
      "geometry": {
        "type": "Polygon",
        "coordinates": [
          [
            [
              107.0,
              -5.033333
            ],
            [
              110.166667,
              -6.733333
            ],
            [
              109.216667,
              -9.05
            ],
            [
              105.083333,
              -10.0
            ],
            [
              101.783333,
              -7.45
            ],
            [
              107.0,
              -5.033333
            ]
          ]
        ]
      },
      "properties": {
        "lower": 0,
        "upper": 200,
        "leadHours": 0,
        "validAt": 1788639000000,
        "kind": "observed",
        "productId": "DARWIN/262000/2026/181",
        "number": "2026/181",
        "volcanoId": "262000",
        "issuedAt": 1788640200000,
        "observedAt": 1788639000000,
        "estimated": false,
        "sourceUrl": "https://data.gdacs.org/gts.aspx?eventid=1000148&eventtype=VO",
        "revision": 0,
        "supersededBy": null,
        "flags": {
          "cloudObscured": false,
          "lowForecastConfidence": false,
          "correction": false
        },
        "editionId": "DARWIN/262000/2026/181/1788640200000"
      }
    },
    {
      "type": "Feature",
      "id": "DARWIN/262000/2026/181/1788640200000/0/1",
      "geometry": {
        "type": "Polygon",
        "coordinates": [
          [
            [
              106.283333,
              -7.233333
            ],
            [
              100.416667,
              -10.516667
            ],
            [
              96.4,
              -15.683333
            ],
            [
              82.6,
              -13.25
            ],
            [
              90.433333,
              -2.916667
            ],
            [
              100.333333,
              -0.383333
            ],
            [
              107.133333,
              -5.1
            ],
            [
              106.283333,
              -7.233333
            ]
          ]
        ]
      },
      "properties": {
        "lower": 0,
        "upper": 500,
        "leadHours": 0,
        "validAt": 1788639000000,
        "kind": "observed",
        "productId": "DARWIN/262000/2026/181",
        "number": "2026/181",
        "volcanoId": "262000",
        "issuedAt": 1788640200000,
        "observedAt": 1788639000000,
        "estimated": false,
        "sourceUrl": "https://data.gdacs.org/gts.aspx?eventid=1000148&eventtype=VO",
        "revision": 0,
        "supersededBy": null,
        "flags": {
          "cloudObscured": false,
          "lowForecastConfidence": false,
          "correction": false
        },
        "editionId": "DARWIN/262000/2026/181/1788640200000"
      }
    },
    {
      "type": "Feature",
      "id": "DARWIN/262000/2026/181/1788640200000/6/0",
      "geometry": {
        "type": "Polygon",
        "coordinates": [
          [
            [
              106.966667,
              -4.983333
            ],
            [
              110.15,
              -6.683333
            ],
            [
              109.266667,
              -9.066667
            ],
            [
              105.016667,
              -9.983333
            ],
            [
              101.816667,
              -7.466667
            ],
            [
              106.966667,
              -4.983333
            ]
          ]
        ]
      },
      "properties": {
        "lower": 0,
        "upper": 200,
        "leadHours": 6,
        "validAt": 1788660600000,
        "kind": "forecast",
        "productId": "DARWIN/262000/2026/181",
        "number": "2026/181",
        "volcanoId": "262000",
        "issuedAt": 1788640200000,
        "observedAt": 1788639000000,
        "estimated": false,
        "sourceUrl": "https://data.gdacs.org/gts.aspx?eventid=1000148&eventtype=VO",
        "revision": 0,
        "supersededBy": null,
        "flags": {
          "cloudObscured": false,
          "lowForecastConfidence": false,
          "correction": false
        },
        "editionId": "DARWIN/262000/2026/181/1788640200000"
      }
    },
    {
      "type": "Feature",
      "id": "DARWIN/262000/2026/181/1788640200000/6/1",
      "geometry": {
        "type": "Polygon",
        "coordinates": [
          [
            [
              106.416667,
              -7.233333
            ],
            [
              100.333333,
              -10.55
            ],
            [
              96.666667,
              -17.083333
            ],
            [
              79.783333,
              -13.466667
            ],
            [
              90.533333,
              -2.816667
            ],
            [
              100.333333,
              -0.383333
            ],
            [
              106.966667,
              -5.0
            ],
            [
              106.416667,
              -7.233333
            ]
          ]
        ]
      },
      "properties": {
        "lower": 0,
        "upper": 500,
        "leadHours": 6,
        "validAt": 1788660600000,
        "kind": "forecast",
        "productId": "DARWIN/262000/2026/181",
        "number": "2026/181",
        "volcanoId": "262000",
        "issuedAt": 1788640200000,
        "observedAt": 1788639000000,
        "estimated": false,
        "sourceUrl": "https://data.gdacs.org/gts.aspx?eventid=1000148&eventtype=VO",
        "revision": 0,
        "supersededBy": null,
        "flags": {
          "cloudObscured": false,
          "lowForecastConfidence": false,
          "correction": false
        },
        "editionId": "DARWIN/262000/2026/181/1788640200000"
      }
    },
    {
      "type": "Feature",
      "id": "DARWIN/262000/2026/181/1788640200000/12/0",
      "geometry": {
        "type": "Polygon",
        "coordinates": [
          [
            [
              107.0,
              -5.066667
            ],
            [
              110.116667,
              -6.683333
            ],
            [
              109.233333,
              -9.016667
            ],
            [
              105.016667,
              -10.0
            ],
            [
              101.783333,
              -7.466667
            ],
            [
              107.0,
              -5.066667
            ]
          ]
        ]
      },
      "properties": {
        "lower": 0,
        "upper": 200,
        "leadHours": 12,
        "validAt": 1788682200000,
        "kind": "forecast",
        "productId": "DARWIN/262000/2026/181",
        "number": "2026/181",
        "volcanoId": "262000",
        "issuedAt": 1788640200000,
        "observedAt": 1788639000000,
        "estimated": false,
        "sourceUrl": "https://data.gdacs.org/gts.aspx?eventid=1000148&eventtype=VO",
        "revision": 0,
        "supersededBy": null,
        "flags": {
          "cloudObscured": false,
          "lowForecastConfidence": false,
          "correction": false
        },
        "editionId": "DARWIN/262000/2026/181/1788640200000"
      }
    },
    {
      "type": "Feature",
      "id": "DARWIN/262000/2026/181/1788640200000/12/1",
      "geometry": {
        "type": "Polygon",
        "coordinates": [
          [
            [
              106.283333,
              -7.233333
            ],
            [
              100.416667,
              -10.516667
            ],
            [
              96.616667,
              -18.233333
            ],
            [
              78.4,
              -14.75
            ],
            [
              90.533333,
              -2.816667
            ],
            [
              100.333333,
              -0.383333
            ],
            [
              107.0,
              -5.066667
            ],
            [
              106.283333,
              -7.233333
            ]
          ]
        ]
      },
      "properties": {
        "lower": 0,
        "upper": 500,
        "leadHours": 12,
        "validAt": 1788682200000,
        "kind": "forecast",
        "productId": "DARWIN/262000/2026/181",
        "number": "2026/181",
        "volcanoId": "262000",
        "issuedAt": 1788640200000,
        "observedAt": 1788639000000,
        "estimated": false,
        "sourceUrl": "https://data.gdacs.org/gts.aspx?eventid=1000148&eventtype=VO",
        "revision": 0,
        "supersededBy": null,
        "flags": {
          "cloudObscured": false,
          "lowForecastConfidence": false,
          "correction": false
        },
        "editionId": "DARWIN/262000/2026/181/1788640200000"
      }
    },
    {
      "type": "Feature",
      "id": "DARWIN/262000/2026/181/1788640200000/18/0",
      "geometry": {
        "type": "Polygon",
        "coordinates": [
          [
            [
              106.9,
              -5.033333
            ],
            [
              110.083333,
              -6.733333
            ],
            [
              109.266667,
              -9.05
            ],
            [
              105.016667,
              -9.95
            ],
            [
              101.833333,
              -7.516667
            ],
            [
              106.9,
              -5.033333
            ]
          ]
        ]
      },
      "properties": {
        "lower": 0,
        "upper": 200,
        "leadHours": 18,
        "validAt": 1788703800000,
        "kind": "forecast",
        "productId": "DARWIN/262000/2026/181",
        "number": "2026/181",
        "volcanoId": "262000",
        "issuedAt": 1788640200000,
        "observedAt": 1788639000000,
        "estimated": false,
        "sourceUrl": "https://data.gdacs.org/gts.aspx?eventid=1000148&eventtype=VO",
        "revision": 0,
        "supersededBy": null,
        "flags": {
          "cloudObscured": false,
          "lowForecastConfidence": false,
          "correction": false
        },
        "editionId": "DARWIN/262000/2026/181/1788640200000"
      }
    },
    {
      "type": "Feature",
      "id": "DARWIN/262000/2026/181/1788640200000/18/1",
      "geometry": {
        "type": "Polygon",
        "coordinates": [
          [
            [
              106.416667,
              -7.283333
            ],
            [
              100.333333,
              -10.633333
            ],
            [
              96.583333,
              -19.033333
            ],
            [
              77.65,
              -15.916667
            ],
            [
              90.466667,
              -2.75
            ],
            [
              100.333333,
              -0.383333
            ],
            [
              106.966667,
              -5.0
            ],
            [
              106.416667,
              -7.283333
            ]
          ]
        ]
      },
      "properties": {
        "lower": 0,
        "upper": 500,
        "leadHours": 18,
        "validAt": 1788703800000,
        "kind": "forecast",
        "productId": "DARWIN/262000/2026/181",
        "number": "2026/181",
        "volcanoId": "262000",
        "issuedAt": 1788640200000,
        "observedAt": 1788639000000,
        "estimated": false,
        "sourceUrl": "https://data.gdacs.org/gts.aspx?eventid=1000148&eventtype=VO",
        "revision": 0,
        "supersededBy": null,
        "flags": {
          "cloudObscured": false,
          "lowForecastConfidence": false,
          "correction": false
        },
        "editionId": "DARWIN/262000/2026/181/1788640200000"
      }
    },
    {
      "type": "Feature",
      "id": "DARWIN/262000/2026/182/1788647400000/0/0",
      "geometry": {
        "type": "Polygon",
        "coordinates": [
          [
            [
              106.966667,
              -4.983333
            ],
            [
              110.15,
              -6.683333
            ],
            [
              109.266667,
              -9.066667
            ],
            [
              105.016667,
              -9.983333
            ],
            [
              101.816667,
              -7.466667
            ],
            [
              106.966667,
              -4.983333
            ]
          ]
        ]
      },
      "properties": {
        "lower": 0,
        "upper": 200,
        "leadHours": 0,
        "validAt": 1788646200000,
        "kind": "observed",
        "productId": "DARWIN/262000/2026/182",
        "number": "2026/182",
        "volcanoId": "262000",
        "issuedAt": 1788647400000,
        "observedAt": 1788646200000,
        "estimated": false,
        "sourceUrl": "https://data.gdacs.org/gts.aspx?eventid=1000148&eventtype=VO",
        "revision": 0,
        "supersededBy": null,
        "flags": {
          "cloudObscured": false,
          "lowForecastConfidence": false,
          "correction": false
        },
        "editionId": "DARWIN/262000/2026/182/1788647400000"
      }
    },
    {
      "type": "Feature",
      "id": "DARWIN/262000/2026/182/1788647400000/0/1",
      "geometry": {
        "type": "Polygon",
        "coordinates": [
          [
            [
              106.416667,
              -7.233333
            ],
            [
              100.333333,
              -10.55
            ],
            [
              96.666667,
              -17.083333
            ],
            [
              80.05,
              -12.066667
            ],
            [
              87.783333,
              -2.433333
            ],
            [
              100.333333,
              -0.383333
            ],
            [
              106.966667,
              -5.0
            ],
            [
              106.416667,
              -7.233333
            ]
          ]
        ]
      },
      "properties": {
        "lower": 0,
        "upper": 500,
        "leadHours": 0,
        "validAt": 1788646200000,
        "kind": "observed",
        "productId": "DARWIN/262000/2026/182",
        "number": "2026/182",
        "volcanoId": "262000",
        "issuedAt": 1788647400000,
        "observedAt": 1788646200000,
        "estimated": false,
        "sourceUrl": "https://data.gdacs.org/gts.aspx?eventid=1000148&eventtype=VO",
        "revision": 0,
        "supersededBy": null,
        "flags": {
          "cloudObscured": false,
          "lowForecastConfidence": false,
          "correction": false
        },
        "editionId": "DARWIN/262000/2026/182/1788647400000"
      }
    },
    {
      "type": "Feature",
      "id": "DARWIN/262000/2026/182/1788647400000/6/0",
      "geometry": {
        "type": "Polygon",
        "coordinates": [
          [
            [
              107.0,
              -5.066667
            ],
            [
              110.116667,
              -6.683333
            ],
            [
              109.233333,
              -9.016667
            ],
            [
              105.016667,
              -10.0
            ],
            [
              101.783333,
              -7.466667
            ],
            [
              107.0,
              -5.066667
            ]
          ]
        ]
      },
      "properties": {
        "lower": 0,
        "upper": 200,
        "leadHours": 6,
        "validAt": 1788667800000,
        "kind": "forecast",
        "productId": "DARWIN/262000/2026/182",
        "number": "2026/182",
        "volcanoId": "262000",
        "issuedAt": 1788647400000,
        "observedAt": 1788646200000,
        "estimated": false,
        "sourceUrl": "https://data.gdacs.org/gts.aspx?eventid=1000148&eventtype=VO",
        "revision": 0,
        "supersededBy": null,
        "flags": {
          "cloudObscured": false,
          "lowForecastConfidence": false,
          "correction": false
        },
        "editionId": "DARWIN/262000/2026/182/1788647400000"
      }
    },
    {
      "type": "Feature",
      "id": "DARWIN/262000/2026/182/1788647400000/6/1",
      "geometry": {
        "type": "Polygon",
        "coordinates": [
          [
            [
              106.283333,
              -7.233333
            ],
            [
              100.416667,
              -10.516667
            ],
            [
              97.3,
              -18.7
            ],
            [
              77.283333,
              -13.05
            ],
            [
              85.6,
              -2.983333
            ],
            [
              100.333333,
              -0.383333
            ],
            [
              107.0,
              -5.066667
            ],
            [
              106.283333,
              -7.233333
            ]
          ]
        ]
      },
      "properties": {
        "lower": 0,
        "upper": 500,
        "leadHours": 6,
        "validAt": 1788667800000,
        "kind": "forecast",
        "productId": "DARWIN/262000/2026/182",
        "number": "2026/182",
        "volcanoId": "262000",
        "issuedAt": 1788647400000,
        "observedAt": 1788646200000,
        "estimated": false,
        "sourceUrl": "https://data.gdacs.org/gts.aspx?eventid=1000148&eventtype=VO",
        "revision": 0,
        "supersededBy": null,
        "flags": {
          "cloudObscured": false,
          "lowForecastConfidence": false,
          "correction": false
        },
        "editionId": "DARWIN/262000/2026/182/1788647400000"
      }
    },
    {
      "type": "Feature",
      "id": "DARWIN/262000/2026/182/1788647400000/12/0",
      "geometry": {
        "type": "Polygon",
        "coordinates": [
          [
            [
              106.9,
              -5.033333
            ],
            [
              110.083333,
              -6.733333
            ],
            [
              109.266667,
              -9.05
            ],
            [
              105.016667,
              -9.95
            ],
            [
              101.833333,
              -7.516667
            ],
            [
              106.9,
              -5.033333
            ]
          ]
        ]
      },
      "properties": {
        "lower": 0,
        "upper": 200,
        "leadHours": 12,
        "validAt": 1788689400000,
        "kind": "forecast",
        "productId": "DARWIN/262000/2026/182",
        "number": "2026/182",
        "volcanoId": "262000",
        "issuedAt": 1788647400000,
        "observedAt": 1788646200000,
        "estimated": false,
        "sourceUrl": "https://data.gdacs.org/gts.aspx?eventid=1000148&eventtype=VO",
        "revision": 0,
        "supersededBy": null,
        "flags": {
          "cloudObscured": false,
          "lowForecastConfidence": false,
          "correction": false
        },
        "editionId": "DARWIN/262000/2026/182/1788647400000"
      }
    },
    {
      "type": "Feature",
      "id": "DARWIN/262000/2026/182/1788647400000/12/1",
      "geometry": {
        "type": "Polygon",
        "coordinates": [
          [
            [
              106.416667,
              -7.283333
            ],
            [
              100.333333,
              -10.633333
            ],
            [
              96.3,
              -19.266667
            ],
            [
              76.766667,
              -14.683333
            ],
            [
              85.6,
              -2.75
            ],
            [
              100.333333,
              -0.383333
            ],
            [
              106.966667,
              -5.0
            ],
            [
              106.416667,
              -7.283333
            ]
          ]
        ]
      },
      "properties": {
        "lower": 0,
        "upper": 500,
        "leadHours": 12,
        "validAt": 1788689400000,
        "kind": "forecast",
        "productId": "DARWIN/262000/2026/182",
        "number": "2026/182",
        "volcanoId": "262000",
        "issuedAt": 1788647400000,
        "observedAt": 1788646200000,
        "estimated": false,
        "sourceUrl": "https://data.gdacs.org/gts.aspx?eventid=1000148&eventtype=VO",
        "revision": 0,
        "supersededBy": null,
        "flags": {
          "cloudObscured": false,
          "lowForecastConfidence": false,
          "correction": false
        },
        "editionId": "DARWIN/262000/2026/182/1788647400000"
      }
    },
    {
      "type": "Feature",
      "id": "DARWIN/262000/2026/182/1788647400000/18/0",
      "geometry": {
        "type": "Polygon",
        "coordinates": [
          [
            [
              106.95,
              -4.983333
            ],
            [
              110.15,
              -6.7
            ],
            [
              109.283333,
              -9.083333
            ],
            [
              105.0,
              -9.983333
            ],
            [
              101.75,
              -7.45
            ],
            [
              106.95,
              -4.983333
            ]
          ]
        ]
      },
      "properties": {
        "lower": 0,
        "upper": 200,
        "leadHours": 18,
        "validAt": 1788711000000,
        "kind": "forecast",
        "productId": "DARWIN/262000/2026/182",
        "number": "2026/182",
        "volcanoId": "262000",
        "issuedAt": 1788647400000,
        "observedAt": 1788646200000,
        "estimated": false,
        "sourceUrl": "https://data.gdacs.org/gts.aspx?eventid=1000148&eventtype=VO",
        "revision": 0,
        "supersededBy": null,
        "flags": {
          "cloudObscured": false,
          "lowForecastConfidence": false,
          "correction": false
        },
        "editionId": "DARWIN/262000/2026/182/1788647400000"
      }
    },
    {
      "type": "Feature",
      "id": "DARWIN/262000/2026/182/1788647400000/18/1",
      "geometry": {
        "type": "Polygon",
        "coordinates": [
          [
            [
              106.366667,
              -7.25
            ],
            [
              100.416667,
              -10.466667
            ],
            [
              95.933333,
              -20.85
            ],
            [
              74.9,
              -16.016667
            ],
            [
              84.316667,
              -2.75
            ],
            [
              100.383333,
              -0.416667
            ],
            [
              107.033333,
              -5.066667
            ],
            [
              106.366667,
              -7.25
            ]
          ]
        ]
      },
      "properties": {
        "lower": 0,
        "upper": 500,
        "leadHours": 18,
        "validAt": 1788711000000,
        "kind": "forecast",
        "productId": "DARWIN/262000/2026/182",
        "number": "2026/182",
        "volcanoId": "262000",
        "issuedAt": 1788647400000,
        "observedAt": 1788646200000,
        "estimated": false,
        "sourceUrl": "https://data.gdacs.org/gts.aspx?eventid=1000148&eventtype=VO",
        "revision": 0,
        "supersededBy": null,
        "flags": {
          "cloudObscured": false,
          "lowForecastConfidence": false,
          "correction": false
        },
        "editionId": "DARWIN/262000/2026/182/1788647400000"
      }
    },
    {
      "type": "Feature",
      "id": "DARWIN/262000/2026/183/1788654600000/0/0",
      "geometry": {
        "type": "Polygon",
        "coordinates": [
          [
            [
              107.0,
              -5.066667
            ],
            [
              110.116667,
              -6.683333
            ],
            [
              109.233333,
              -9.016667
            ],
            [
              105.016667,
              -10.0
            ],
            [
              101.783333,
              -7.466667
            ],
            [
              107.0,
              -5.066667
            ]
          ]
        ]
      },
      "properties": {
        "lower": 0,
        "upper": 200,
        "leadHours": 0,
        "validAt": 1788653400000,
        "kind": "observed",
        "productId": "DARWIN/262000/2026/183",
        "number": "2026/183",
        "volcanoId": "262000",
        "issuedAt": 1788654600000,
        "observedAt": 1788653400000,
        "estimated": false,
        "sourceUrl": "https://data.gdacs.org/gts.aspx?eventid=1000148&eventtype=VO",
        "revision": 0,
        "supersededBy": null,
        "flags": {
          "cloudObscured": false,
          "lowForecastConfidence": false,
          "correction": false
        },
        "editionId": "DARWIN/262000/2026/183/1788654600000"
      }
    },
    {
      "type": "Feature",
      "id": "DARWIN/262000/2026/183/1788654600000/0/1",
      "geometry": {
        "type": "Polygon",
        "coordinates": [
          [
            [
              106.283333,
              -7.233333
            ],
            [
              100.416667,
              -10.516667
            ],
            [
              96.666667,
              -17.516667
            ],
            [
              79.1,
              -12.05
            ],
            [
              86.666667,
              -2.85
            ],
            [
              100.333333,
              -0.383333
            ],
            [
              107.0,
              -5.066667
            ],
            [
              106.283333,
              -7.233333
            ]
          ]
        ]
      },
      "properties": {
        "lower": 0,
        "upper": 500,
        "leadHours": 0,
        "validAt": 1788653400000,
        "kind": "observed",
        "productId": "DARWIN/262000/2026/183",
        "number": "2026/183",
        "volcanoId": "262000",
        "issuedAt": 1788654600000,
        "observedAt": 1788653400000,
        "estimated": false,
        "sourceUrl": "https://data.gdacs.org/gts.aspx?eventid=1000148&eventtype=VO",
        "revision": 0,
        "supersededBy": null,
        "flags": {
          "cloudObscured": false,
          "lowForecastConfidence": false,
          "correction": false
        },
        "editionId": "DARWIN/262000/2026/183/1788654600000"
      }
    },
    {
      "type": "Feature",
      "id": "DARWIN/262000/2026/183/1788654600000/6/0",
      "geometry": {
        "type": "Polygon",
        "coordinates": [
          [
            [
              106.9,
              -5.033333
            ],
            [
              110.083333,
              -6.733333
            ],
            [
              109.266667,
              -9.05
            ],
            [
              105.016667,
              -9.95
            ],
            [
              101.833333,
              -7.516667
            ],
            [
              106.9,
              -5.033333
            ]
          ]
        ]
      },
      "properties": {
        "lower": 0,
        "upper": 200,
        "leadHours": 6,
        "validAt": 1788675000000,
        "kind": "forecast",
        "productId": "DARWIN/262000/2026/183",
        "number": "2026/183",
        "volcanoId": "262000",
        "issuedAt": 1788654600000,
        "observedAt": 1788653400000,
        "estimated": false,
        "sourceUrl": "https://data.gdacs.org/gts.aspx?eventid=1000148&eventtype=VO",
        "revision": 0,
        "supersededBy": null,
        "flags": {
          "cloudObscured": false,
          "lowForecastConfidence": false,
          "correction": false
        },
        "editionId": "DARWIN/262000/2026/183/1788654600000"
      }
    },
    {
      "type": "Feature",
      "id": "DARWIN/262000/2026/183/1788654600000/6/1",
      "geometry": {
        "type": "Polygon",
        "coordinates": [
          [
            [
              106.416667,
              -7.283333
            ],
            [
              100.333333,
              -10.633333
            ],
            [
              96.3,
              -19.266667
            ],
            [
              76.766667,
              -14.683333
            ],
            [
              85.6,
              -2.75
            ],
            [
              100.333333,
              -0.383333
            ],
            [
              106.966667,
              -5.0
            ],
            [
              106.416667,
              -7.283333
            ]
          ]
        ]
      },
      "properties": {
        "lower": 0,
        "upper": 500,
        "leadHours": 6,
        "validAt": 1788675000000,
        "kind": "forecast",
        "productId": "DARWIN/262000/2026/183",
        "number": "2026/183",
        "volcanoId": "262000",
        "issuedAt": 1788654600000,
        "observedAt": 1788653400000,
        "estimated": false,
        "sourceUrl": "https://data.gdacs.org/gts.aspx?eventid=1000148&eventtype=VO",
        "revision": 0,
        "supersededBy": null,
        "flags": {
          "cloudObscured": false,
          "lowForecastConfidence": false,
          "correction": false
        },
        "editionId": "DARWIN/262000/2026/183/1788654600000"
      }
    },
    {
      "type": "Feature",
      "id": "DARWIN/262000/2026/183/1788654600000/12/0",
      "geometry": {
        "type": "Polygon",
        "coordinates": [
          [
            [
              106.95,
              -4.983333
            ],
            [
              110.15,
              -6.7
            ],
            [
              109.283333,
              -9.083333
            ],
            [
              105.0,
              -9.983333
            ],
            [
              101.75,
              -7.45
            ],
            [
              106.95,
              -4.983333
            ]
          ]
        ]
      },
      "properties": {
        "lower": 0,
        "upper": 200,
        "leadHours": 12,
        "validAt": 1788696600000,
        "kind": "forecast",
        "productId": "DARWIN/262000/2026/183",
        "number": "2026/183",
        "volcanoId": "262000",
        "issuedAt": 1788654600000,
        "observedAt": 1788653400000,
        "estimated": false,
        "sourceUrl": "https://data.gdacs.org/gts.aspx?eventid=1000148&eventtype=VO",
        "revision": 0,
        "supersededBy": null,
        "flags": {
          "cloudObscured": false,
          "lowForecastConfidence": false,
          "correction": false
        },
        "editionId": "DARWIN/262000/2026/183/1788654600000"
      }
    },
    {
      "type": "Feature",
      "id": "DARWIN/262000/2026/183/1788654600000/12/1",
      "geometry": {
        "type": "Polygon",
        "coordinates": [
          [
            [
              106.366667,
              -7.25
            ],
            [
              100.416667,
              -10.466667
            ],
            [
              95.983333,
              -20.183333
            ],
            [
              76.0,
              -13.966667
            ],
            [
              84.316667,
              -2.75
            ],
            [
              100.383333,
              -0.416667
            ],
            [
              107.033333,
              -5.066667
            ],
            [
              106.366667,
              -7.25
            ]
          ]
        ]
      },
      "properties": {
        "lower": 0,
        "upper": 500,
        "leadHours": 12,
        "validAt": 1788696600000,
        "kind": "forecast",
        "productId": "DARWIN/262000/2026/183",
        "number": "2026/183",
        "volcanoId": "262000",
        "issuedAt": 1788654600000,
        "observedAt": 1788653400000,
        "estimated": false,
        "sourceUrl": "https://data.gdacs.org/gts.aspx?eventid=1000148&eventtype=VO",
        "revision": 0,
        "supersededBy": null,
        "flags": {
          "cloudObscured": false,
          "lowForecastConfidence": false,
          "correction": false
        },
        "editionId": "DARWIN/262000/2026/183/1788654600000"
      }
    },
    {
      "type": "Feature",
      "id": "DARWIN/262000/2026/183/1788654600000/18/0",
      "geometry": {
        "type": "Polygon",
        "coordinates": [
          [
            [
              107.1,
              -5.1
            ],
            [
              110.133333,
              -6.75
            ],
            [
              109.316667,
              -9.05
            ],
            [
              104.966667,
              -10.033333
            ],
            [
              101.916667,
              -7.4
            ],
            [
              107.1,
              -5.1
            ]
          ]
        ]
      },
      "properties": {
        "lower": 0,
        "upper": 200,
        "leadHours": 18,
        "validAt": 1788718200000,
        "kind": "forecast",
        "productId": "DARWIN/262000/2026/183",
        "number": "2026/183",
        "volcanoId": "262000",
        "issuedAt": 1788654600000,
        "observedAt": 1788653400000,
        "estimated": false,
        "sourceUrl": "https://data.gdacs.org/gts.aspx?eventid=1000148&eventtype=VO",
        "revision": 0,
        "supersededBy": null,
        "flags": {
          "cloudObscured": false,
          "lowForecastConfidence": false,
          "correction": false
        },
        "editionId": "DARWIN/262000/2026/183/1788654600000"
      }
    },
    {
      "type": "Feature",
      "id": "DARWIN/262000/2026/183/1788654600000/18/1",
      "geometry": {
        "type": "Polygon",
        "coordinates": [
          [
            [
              106.35,
              -7.25
            ],
            [
              100.433333,
              -10.533333
            ],
            [
              95.183333,
              -22.05
            ],
            [
              75.85,
              -15.633333
            ],
            [
              84.65,
              -2.966667
            ],
            [
              100.433333,
              -0.25
            ],
            [
              106.933333,
              -5.1
            ],
            [
              106.35,
              -7.25
            ]
          ]
        ]
      },
      "properties": {
        "lower": 0,
        "upper": 500,
        "leadHours": 18,
        "validAt": 1788718200000,
        "kind": "forecast",
        "productId": "DARWIN/262000/2026/183",
        "number": "2026/183",
        "volcanoId": "262000",
        "issuedAt": 1788654600000,
        "observedAt": 1788653400000,
        "estimated": false,
        "sourceUrl": "https://data.gdacs.org/gts.aspx?eventid=1000148&eventtype=VO",
        "revision": 0,
        "supersededBy": null,
        "flags": {
          "cloudObscured": false,
          "lowForecastConfidence": false,
          "correction": false
        },
        "editionId": "DARWIN/262000/2026/183/1788654600000"
      }
    },
    {
      "type": "Feature",
      "id": "DARWIN/262000/2026/184/1788665400000/0/0",
      "geometry": {
        "type": "Polygon",
        "coordinates": [
          [
            [
              107.95,
              -4.7
            ],
            [
              110.083333,
              -6.733333
            ],
            [
              107.866667,
              -10.883333
            ],
            [
              100.016667,
              -10.666667
            ],
            [
              102.05,
              -4.35
            ],
            [
              107.95,
              -4.7
            ]
          ]
        ]
      },
      "properties": {
        "lower": 0,
        "upper": 200,
        "leadHours": 0,
        "validAt": 1788664200000,
        "kind": "observed",
        "productId": "DARWIN/262000/2026/184",
        "number": "2026/184",
        "volcanoId": "262000",
        "issuedAt": 1788665400000,
        "observedAt": 1788664200000,
        "estimated": false,
        "sourceUrl": "https://data.gdacs.org/gts.aspx?eventid=1000148&eventtype=VO",
        "revision": 0,
        "supersededBy": null,
        "flags": {
          "cloudObscured": false,
          "lowForecastConfidence": false,
          "correction": false
        },
        "editionId": "DARWIN/262000/2026/184/1788665400000"
      }
    },
    {
      "type": "Feature",
      "id": "DARWIN/262000/2026/184/1788665400000/0/1",
      "geometry": {
        "type": "Polygon",
        "coordinates": [
          [
            [
              104.65,
              -7.266667
            ],
            [
              100.333333,
              -10.633333
            ],
            [
              96.3,
              -19.266667
            ],
            [
              76.766667,
              -14.683333
            ],
            [
              85.6,
              -2.75
            ],
            [
              100.3,
              -2.016667
            ],
            [
              104.65,
              -7.266667
            ]
          ]
        ]
      },
      "properties": {
        "lower": 0,
        "upper": 500,
        "leadHours": 0,
        "validAt": 1788664200000,
        "kind": "observed",
        "productId": "DARWIN/262000/2026/184",
        "number": "2026/184",
        "volcanoId": "262000",
        "issuedAt": 1788665400000,
        "observedAt": 1788664200000,
        "estimated": false,
        "sourceUrl": "https://data.gdacs.org/gts.aspx?eventid=1000148&eventtype=VO",
        "revision": 0,
        "supersededBy": null,
        "flags": {
          "cloudObscured": false,
          "lowForecastConfidence": false,
          "correction": false
        },
        "editionId": "DARWIN/262000/2026/184/1788665400000"
      }
    },
    {
      "type": "Feature",
      "id": "DARWIN/262000/2026/184/1788665400000/6/0",
      "geometry": {
        "type": "Polygon",
        "coordinates": [
          [
            [
              108.016667,
              -4.8
            ],
            [
              110.15,
              -6.7
            ],
            [
              106.733333,
              -10.883333
            ],
            [
              100.75,
              -10.016667
            ],
            [
              99.366667,
              -4.316667
            ],
            [
              108.016667,
              -4.8
            ]
          ]
        ]
      },
      "properties": {
        "lower": 0,
        "upper": 200,
        "leadHours": 6,
        "validAt": 1788685800000,
        "kind": "forecast",
        "productId": "DARWIN/262000/2026/184",
        "number": "2026/184",
        "volcanoId": "262000",
        "issuedAt": 1788665400000,
        "observedAt": 1788664200000,
        "estimated": false,
        "sourceUrl": "https://data.gdacs.org/gts.aspx?eventid=1000148&eventtype=VO",
        "revision": 0,
        "supersededBy": null,
        "flags": {
          "cloudObscured": false,
          "lowForecastConfidence": false,
          "correction": false
        },
        "editionId": "DARWIN/262000/2026/184/1788665400000"
      }
    },
    {
      "type": "Feature",
      "id": "DARWIN/262000/2026/184/1788665400000/6/1",
      "geometry": {
        "type": "Polygon",
        "coordinates": [
          [
            [
              103.483333,
              -8.333333
            ],
            [
              100.416667,
              -10.466667
            ],
            [
              95.983333,
              -20.183333
            ],
            [
              76.0,
              -13.966667
            ],
            [
              84.316667,
              -2.75
            ],
            [
              97.133333,
              -2.183333
            ],
            [
              103.483333,
              -8.333333
            ]
          ]
        ]
      },
      "properties": {
        "lower": 0,
        "upper": 500,
        "leadHours": 6,
        "validAt": 1788685800000,
        "kind": "forecast",
        "productId": "DARWIN/262000/2026/184",
        "number": "2026/184",
        "volcanoId": "262000",
        "issuedAt": 1788665400000,
        "observedAt": 1788664200000,
        "estimated": false,
        "sourceUrl": "https://data.gdacs.org/gts.aspx?eventid=1000148&eventtype=VO",
        "revision": 0,
        "supersededBy": null,
        "flags": {
          "cloudObscured": false,
          "lowForecastConfidence": false,
          "correction": false
        },
        "editionId": "DARWIN/262000/2026/184/1788665400000"
      }
    },
    {
      "type": "Feature",
      "id": "DARWIN/262000/2026/184/1788665400000/12/0",
      "geometry": {
        "type": "Polygon",
        "coordinates": [
          [
            [
              107.966667,
              -4.766667
            ],
            [
              109.25,
              -6.55
            ],
            [
              107.016667,
              -10.65
            ],
            [
              100.683333,
              -10.6
            ],
            [
              97.5,
              -4.033333
            ],
            [
              107.966667,
              -4.766667
            ]
          ]
        ]
      },
      "properties": {
        "lower": 0,
        "upper": 200,
        "leadHours": 12,
        "validAt": 1788707400000,
        "kind": "forecast",
        "productId": "DARWIN/262000/2026/184",
        "number": "2026/184",
        "volcanoId": "262000",
        "issuedAt": 1788665400000,
        "observedAt": 1788664200000,
        "estimated": false,
        "sourceUrl": "https://data.gdacs.org/gts.aspx?eventid=1000148&eventtype=VO",
        "revision": 0,
        "supersededBy": null,
        "flags": {
          "cloudObscured": false,
          "lowForecastConfidence": false,
          "correction": false
        },
        "editionId": "DARWIN/262000/2026/184/1788665400000"
      }
    },
    {
      "type": "Feature",
      "id": "DARWIN/262000/2026/184/1788665400000/12/1",
      "geometry": {
        "type": "Polygon",
        "coordinates": [
          [
            [
              102.983333,
              -10.116667
            ],
            [
              100.433333,
              -10.533333
            ],
            [
              95.183333,
              -22.05
            ],
            [
              76.216667,
              -17.466667
            ],
            [
              76.116667,
              -14.15
            ],
            [
              84.216667,
              -2.716667
            ],
            [
              97.183333,
              -2.083333
            ],
            [
              102.983333,
              -10.116667
            ]
          ]
        ]
      },
      "properties": {
        "lower": 0,
        "upper": 500,
        "leadHours": 12,
        "validAt": 1788707400000,
        "kind": "forecast",
        "productId": "DARWIN/262000/2026/184",
        "number": "2026/184",
        "volcanoId": "262000",
        "issuedAt": 1788665400000,
        "observedAt": 1788664200000,
        "estimated": false,
        "sourceUrl": "https://data.gdacs.org/gts.aspx?eventid=1000148&eventtype=VO",
        "revision": 0,
        "supersededBy": null,
        "flags": {
          "cloudObscured": false,
          "lowForecastConfidence": false,
          "correction": false
        },
        "editionId": "DARWIN/262000/2026/184/1788665400000"
      }
    },
    {
      "type": "Feature",
      "id": "DARWIN/262000/2026/184/1788665400000/18/0",
      "geometry": {
        "type": "Polygon",
        "coordinates": [
          [
            [
              106.883333,
              -6.783333
            ],
            [
              106.166667,
              -11.116667
            ],
            [
              100.4,
              -10.65
            ],
            [
              97.316667,
              -4.316667
            ],
            [
              105.833333,
              -4.416667
            ],
            [
              106.883333,
              -6.783333
            ]
          ]
        ]
      },
      "properties": {
        "lower": 0,
        "upper": 200,
        "leadHours": 18,
        "validAt": 1788729000000,
        "kind": "forecast",
        "productId": "DARWIN/262000/2026/184",
        "number": "2026/184",
        "volcanoId": "262000",
        "issuedAt": 1788665400000,
        "observedAt": 1788664200000,
        "estimated": false,
        "sourceUrl": "https://data.gdacs.org/gts.aspx?eventid=1000148&eventtype=VO",
        "revision": 0,
        "supersededBy": null,
        "flags": {
          "cloudObscured": false,
          "lowForecastConfidence": false,
          "correction": false
        },
        "editionId": "DARWIN/262000/2026/184/1788665400000"
      }
    },
    {
      "type": "Feature",
      "id": "DARWIN/262000/2026/184/1788665400000/18/1",
      "geometry": {
        "type": "Polygon",
        "coordinates": [
          [
            [
              102.983333,
              -10.116667
            ],
            [
              100.3,
              -10.6
            ],
            [
              96.283333,
              -19.083333
            ],
            [
              94.833333,
              -24.433333
            ],
            [
              76.116667,
              -19.933333
            ],
            [
              76.066667,
              -14.15
            ],
            [
              84.166667,
              -2.716667
            ],
            [
              97.133333,
              -2.183333
            ],
            [
              102.983333,
              -10.116667
            ]
          ]
        ]
      },
      "properties": {
        "lower": 0,
        "upper": 500,
        "leadHours": 18,
        "validAt": 1788729000000,
        "kind": "forecast",
        "productId": "DARWIN/262000/2026/184",
        "number": "2026/184",
        "volcanoId": "262000",
        "issuedAt": 1788665400000,
        "observedAt": 1788664200000,
        "estimated": false,
        "sourceUrl": "https://data.gdacs.org/gts.aspx?eventid=1000148&eventtype=VO",
        "revision": 0,
        "supersededBy": null,
        "flags": {
          "cloudObscured": false,
          "lowForecastConfidence": false,
          "correction": false
        },
        "editionId": "DARWIN/262000/2026/184/1788665400000"
      }
    },
    {
      "type": "Feature",
      "id": "DARWIN/262000/2026/185/1788676200000/0/0",
      "geometry": {
        "type": "Polygon",
        "coordinates": [
          [
            [
              108.016667,
              -4.8
            ],
            [
              110.15,
              -6.7
            ],
            [
              106.733333,
              -10.883333
            ],
            [
              99.566667,
              -9.85
            ],
            [
              97.466667,
              -3.016667
            ],
            [
              108.016667,
              -4.8
            ]
          ]
        ]
      },
      "properties": {
        "lower": 0,
        "upper": 120,
        "leadHours": 0,
        "validAt": 1788675000000,
        "kind": "observed",
        "productId": "DARWIN/262000/2026/185",
        "number": "2026/185",
        "volcanoId": "262000",
        "issuedAt": 1788676200000,
        "observedAt": 1788675000000,
        "estimated": false,
        "sourceUrl": "https://data.gdacs.org/gts.aspx?eventid=1000148&eventtype=VO",
        "revision": 0,
        "supersededBy": null,
        "flags": {
          "cloudObscured": false,
          "lowForecastConfidence": false,
          "correction": false
        },
        "editionId": "DARWIN/262000/2026/185/1788676200000"
      }
    },
    {
      "type": "Feature",
      "id": "DARWIN/262000/2026/185/1788676200000/0/1",
      "geometry": {
        "type": "Polygon",
        "coordinates": [
          [
            [
              99.866667,
              -10.85
            ],
            [
              96.916667,
              -18.083333
            ],
            [
              81.633333,
              -13.15
            ],
            [
              88.616667,
              -3.233333
            ],
            [
              97.533333,
              -3.05
            ],
            [
              99.866667,
              -10.85
            ]
          ]
        ]
      },
      "properties": {
        "lower": 0,
        "upper": 500,
        "leadHours": 0,
        "validAt": 1788675000000,
        "kind": "observed",
        "productId": "DARWIN/262000/2026/185",
        "number": "2026/185",
        "volcanoId": "262000",
        "issuedAt": 1788676200000,
        "observedAt": 1788675000000,
        "estimated": false,
        "sourceUrl": "https://data.gdacs.org/gts.aspx?eventid=1000148&eventtype=VO",
        "revision": 0,
        "supersededBy": null,
        "flags": {
          "cloudObscured": false,
          "lowForecastConfidence": false,
          "correction": false
        },
        "editionId": "DARWIN/262000/2026/185/1788676200000"
      }
    },
    {
      "type": "Feature",
      "id": "DARWIN/262000/2026/185/1788676200000/6/0",
      "geometry": {
        "type": "Polygon",
        "coordinates": [
          [
            [
              107.966667,
              -4.766667
            ],
            [
              109.25,
              -6.55
            ],
            [
              106.0,
              -11.683333
            ],
            [
              98.816667,
              -10.1
            ],
            [
              97.3,
              -3.283333
            ],
            [
              107.966667,
              -4.766667
            ]
          ]
        ]
      },
      "properties": {
        "lower": 0,
        "upper": 120,
        "leadHours": 6,
        "validAt": 1788696600000,
        "kind": "forecast",
        "productId": "DARWIN/262000/2026/185",
        "number": "2026/185",
        "volcanoId": "262000",
        "issuedAt": 1788676200000,
        "observedAt": 1788675000000,
        "estimated": false,
        "sourceUrl": "https://data.gdacs.org/gts.aspx?eventid=1000148&eventtype=VO",
        "revision": 0,
        "supersededBy": null,
        "flags": {
          "cloudObscured": false,
          "lowForecastConfidence": false,
          "correction": false
        },
        "editionId": "DARWIN/262000/2026/185/1788676200000"
      }
    },
    {
      "type": "Feature",
      "id": "DARWIN/262000/2026/185/1788676200000/6/1",
      "geometry": {
        "type": "Polygon",
        "coordinates": [
          [
            [
              98.883333,
              -10.55
            ],
            [
              96.216667,
              -21.583333
            ],
            [
              78.366667,
              -16.2
            ],
            [
              79.116667,
              -11.633333
            ],
            [
              86.65,
              -1.816667
            ],
            [
              96.883333,
              -1.816667
            ],
            [
              98.883333,
              -10.55
            ]
          ]
        ]
      },
      "properties": {
        "lower": 0,
        "upper": 500,
        "leadHours": 6,
        "validAt": 1788696600000,
        "kind": "forecast",
        "productId": "DARWIN/262000/2026/185",
        "number": "2026/185",
        "volcanoId": "262000",
        "issuedAt": 1788676200000,
        "observedAt": 1788675000000,
        "estimated": false,
        "sourceUrl": "https://data.gdacs.org/gts.aspx?eventid=1000148&eventtype=VO",
        "revision": 0,
        "supersededBy": null,
        "flags": {
          "cloudObscured": false,
          "lowForecastConfidence": false,
          "correction": false
        },
        "editionId": "DARWIN/262000/2026/185/1788676200000"
      }
    },
    {
      "type": "Feature",
      "id": "DARWIN/262000/2026/185/1788676200000/12/0",
      "geometry": {
        "type": "Polygon",
        "coordinates": [
          [
            [
              105.833333,
              -4.416667
            ],
            [
              109.35,
              -6.25
            ],
            [
              106.65,
              -10.05
            ],
            [
              99.933333,
              -10.283333
            ],
            [
              95.416667,
              -4.15
            ],
            [
              105.833333,
              -4.416667
            ]
          ]
        ]
      },
      "properties": {
        "lower": 0,
        "upper": 120,
        "leadHours": 12,
        "validAt": 1788718200000,
        "kind": "forecast",
        "productId": "DARWIN/262000/2026/185",
        "number": "2026/185",
        "volcanoId": "262000",
        "issuedAt": 1788676200000,
        "observedAt": 1788675000000,
        "estimated": false,
        "sourceUrl": "https://data.gdacs.org/gts.aspx?eventid=1000148&eventtype=VO",
        "revision": 0,
        "supersededBy": null,
        "flags": {
          "cloudObscured": false,
          "lowForecastConfidence": false,
          "correction": false
        },
        "editionId": "DARWIN/262000/2026/185/1788676200000"
      }
    },
    {
      "type": "Feature",
      "id": "DARWIN/262000/2026/185/1788676200000/12/1",
      "geometry": {
        "type": "Polygon",
        "coordinates": [
          [
            [
              100.3,
              -10.6
            ],
            [
              97.45,
              -21.466667
            ],
            [
              78.133333,
              -18.45
            ],
            [
              78.283333,
              -13.033333
            ],
            [
              83.516667,
              -4.716667
            ],
            [
              95.65,
              -4.666667
            ],
            [
              100.3,
              -10.6
            ]
          ]
        ]
      },
      "properties": {
        "lower": 0,
        "upper": 500,
        "leadHours": 12,
        "validAt": 1788718200000,
        "kind": "forecast",
        "productId": "DARWIN/262000/2026/185",
        "number": "2026/185",
        "volcanoId": "262000",
        "issuedAt": 1788676200000,
        "observedAt": 1788675000000,
        "estimated": false,
        "sourceUrl": "https://data.gdacs.org/gts.aspx?eventid=1000148&eventtype=VO",
        "revision": 0,
        "supersededBy": null,
        "flags": {
          "cloudObscured": false,
          "lowForecastConfidence": false,
          "correction": false
        },
        "editionId": "DARWIN/262000/2026/185/1788676200000"
      }
    },
    {
      "type": "Feature",
      "id": "DARWIN/262000/2026/185/1788676200000/18/0",
      "geometry": {
        "type": "Polygon",
        "coordinates": [
          [
            [
              107.916667,
              -4.816667
            ],
            [
              109.35,
              -6.183333
            ],
            [
              106.566667,
              -10.133333
            ],
            [
              99.333333,
              -10.016667
            ],
            [
              95.566667,
              -3.133333
            ],
            [
              107.916667,
              -4.816667
            ]
          ]
        ]
      },
      "properties": {
        "lower": 0,
        "upper": 120,
        "leadHours": 18,
        "validAt": 1788739800000,
        "kind": "forecast",
        "productId": "DARWIN/262000/2026/185",
        "number": "2026/185",
        "volcanoId": "262000",
        "issuedAt": 1788676200000,
        "observedAt": 1788675000000,
        "estimated": false,
        "sourceUrl": "https://data.gdacs.org/gts.aspx?eventid=1000148&eventtype=VO",
        "revision": 0,
        "supersededBy": null,
        "flags": {
          "cloudObscured": false,
          "lowForecastConfidence": false,
          "correction": false
        },
        "editionId": "DARWIN/262000/2026/185/1788676200000"
      }
    },
    {
      "type": "Feature",
      "id": "DARWIN/262000/2026/185/1788676200000/18/1",
      "geometry": {
        "type": "Polygon",
        "coordinates": [
          [
            [
              97.95,
              -7.15
            ],
            [
              93.8,
              -19.766667
            ],
            [
              78.016667,
              -16.566667
            ],
            [
              78.1,
              -10.966667
            ],
            [
              80.883333,
              -6.516667
            ],
            [
              97.95,
              -7.15
            ]
          ]
        ]
      },
      "properties": {
        "lower": 0,
        "upper": 500,
        "leadHours": 18,
        "validAt": 1788739800000,
        "kind": "forecast",
        "productId": "DARWIN/262000/2026/185",
        "number": "2026/185",
        "volcanoId": "262000",
        "issuedAt": 1788676200000,
        "observedAt": 1788675000000,
        "estimated": false,
        "sourceUrl": "https://data.gdacs.org/gts.aspx?eventid=1000148&eventtype=VO",
        "revision": 0,
        "supersededBy": null,
        "flags": {
          "cloudObscured": false,
          "lowForecastConfidence": false,
          "correction": false
        },
        "editionId": "DARWIN/262000/2026/185/1788676200000"
      }
    },
    {
      "type": "Feature",
      "id": "DARWIN/262000/2026/186/1788676200000/0/0",
      "geometry": {
        "type": "Polygon",
        "coordinates": [
          [
            [
              108.016667,
              -4.8
            ],
            [
              110.15,
              -6.7
            ],
            [
              106.733333,
              -10.883333
            ],
            [
              99.566667,
              -9.85
            ],
            [
              97.466667,
              -3.016667
            ],
            [
              108.016667,
              -4.8
            ]
          ]
        ]
      },
      "properties": {
        "lower": 0,
        "upper": 120,
        "leadHours": 0,
        "validAt": 1788675000000,
        "kind": "observed",
        "productId": "DARWIN/262000/2026/186",
        "number": "2026/186",
        "volcanoId": "262000",
        "issuedAt": 1788676200000,
        "observedAt": 1788675000000,
        "estimated": false,
        "sourceUrl": "https://data.gdacs.org/gts.aspx?eventid=1000148&eventtype=VO",
        "revision": 0,
        "supersededBy": null,
        "flags": {
          "cloudObscured": false,
          "lowForecastConfidence": false,
          "correction": true
        },
        "editionId": "DARWIN/262000/2026/186/1788676200000"
      }
    },
    {
      "type": "Feature",
      "id": "DARWIN/262000/2026/186/1788676200000/0/1",
      "geometry": {
        "type": "Polygon",
        "coordinates": [
          [
            [
              99.866667,
              -10.85
            ],
            [
              96.916667,
              -18.083333
            ],
            [
              81.633333,
              -13.15
            ],
            [
              88.616667,
              -3.233333
            ],
            [
              97.533333,
              -3.05
            ],
            [
              99.866667,
              -10.85
            ]
          ]
        ]
      },
      "properties": {
        "lower": 0,
        "upper": 500,
        "leadHours": 0,
        "validAt": 1788675000000,
        "kind": "observed",
        "productId": "DARWIN/262000/2026/186",
        "number": "2026/186",
        "volcanoId": "262000",
        "issuedAt": 1788676200000,
        "observedAt": 1788675000000,
        "estimated": false,
        "sourceUrl": "https://data.gdacs.org/gts.aspx?eventid=1000148&eventtype=VO",
        "revision": 0,
        "supersededBy": null,
        "flags": {
          "cloudObscured": false,
          "lowForecastConfidence": false,
          "correction": true
        },
        "editionId": "DARWIN/262000/2026/186/1788676200000"
      }
    },
    {
      "type": "Feature",
      "id": "DARWIN/262000/2026/186/1788676200000/6/0",
      "geometry": {
        "type": "Polygon",
        "coordinates": [
          [
            [
              107.966667,
              -4.766667
            ],
            [
              109.25,
              -6.55
            ],
            [
              106.0,
              -11.683333
            ],
            [
              98.816667,
              -10.1
            ],
            [
              97.3,
              -3.283333
            ],
            [
              107.966667,
              -4.766667
            ]
          ]
        ]
      },
      "properties": {
        "lower": 0,
        "upper": 120,
        "leadHours": 6,
        "validAt": 1788696600000,
        "kind": "forecast",
        "productId": "DARWIN/262000/2026/186",
        "number": "2026/186",
        "volcanoId": "262000",
        "issuedAt": 1788676200000,
        "observedAt": 1788675000000,
        "estimated": false,
        "sourceUrl": "https://data.gdacs.org/gts.aspx?eventid=1000148&eventtype=VO",
        "revision": 0,
        "supersededBy": null,
        "flags": {
          "cloudObscured": false,
          "lowForecastConfidence": false,
          "correction": true
        },
        "editionId": "DARWIN/262000/2026/186/1788676200000"
      }
    },
    {
      "type": "Feature",
      "id": "DARWIN/262000/2026/186/1788676200000/6/1",
      "geometry": {
        "type": "Polygon",
        "coordinates": [
          [
            [
              98.883333,
              -10.55
            ],
            [
              96.216667,
              -21.583333
            ],
            [
              78.366667,
              -16.2
            ],
            [
              79.116667,
              -11.633333
            ],
            [
              86.65,
              -1.816667
            ],
            [
              96.883333,
              -1.816667
            ],
            [
              98.883333,
              -10.55
            ]
          ]
        ]
      },
      "properties": {
        "lower": 0,
        "upper": 500,
        "leadHours": 6,
        "validAt": 1788696600000,
        "kind": "forecast",
        "productId": "DARWIN/262000/2026/186",
        "number": "2026/186",
        "volcanoId": "262000",
        "issuedAt": 1788676200000,
        "observedAt": 1788675000000,
        "estimated": false,
        "sourceUrl": "https://data.gdacs.org/gts.aspx?eventid=1000148&eventtype=VO",
        "revision": 0,
        "supersededBy": null,
        "flags": {
          "cloudObscured": false,
          "lowForecastConfidence": false,
          "correction": true
        },
        "editionId": "DARWIN/262000/2026/186/1788676200000"
      }
    },
    {
      "type": "Feature",
      "id": "DARWIN/262000/2026/186/1788676200000/12/0",
      "geometry": {
        "type": "Polygon",
        "coordinates": [
          [
            [
              105.833333,
              -4.416667
            ],
            [
              109.35,
              -6.25
            ],
            [
              106.65,
              -10.05
            ],
            [
              99.933333,
              -10.283333
            ],
            [
              95.416667,
              -4.15
            ],
            [
              105.833333,
              -4.416667
            ]
          ]
        ]
      },
      "properties": {
        "lower": 0,
        "upper": 120,
        "leadHours": 12,
        "validAt": 1788718200000,
        "kind": "forecast",
        "productId": "DARWIN/262000/2026/186",
        "number": "2026/186",
        "volcanoId": "262000",
        "issuedAt": 1788676200000,
        "observedAt": 1788675000000,
        "estimated": false,
        "sourceUrl": "https://data.gdacs.org/gts.aspx?eventid=1000148&eventtype=VO",
        "revision": 0,
        "supersededBy": null,
        "flags": {
          "cloudObscured": false,
          "lowForecastConfidence": false,
          "correction": true
        },
        "editionId": "DARWIN/262000/2026/186/1788676200000"
      }
    },
    {
      "type": "Feature",
      "id": "DARWIN/262000/2026/186/1788676200000/12/1",
      "geometry": {
        "type": "Polygon",
        "coordinates": [
          [
            [
              100.3,
              -10.6
            ],
            [
              97.45,
              -21.466667
            ],
            [
              78.133333,
              -18.45
            ],
            [
              78.283333,
              -13.033333
            ],
            [
              83.516667,
              -4.716667
            ],
            [
              95.65,
              -4.666667
            ],
            [
              100.3,
              -10.6
            ]
          ]
        ]
      },
      "properties": {
        "lower": 0,
        "upper": 500,
        "leadHours": 12,
        "validAt": 1788718200000,
        "kind": "forecast",
        "productId": "DARWIN/262000/2026/186",
        "number": "2026/186",
        "volcanoId": "262000",
        "issuedAt": 1788676200000,
        "observedAt": 1788675000000,
        "estimated": false,
        "sourceUrl": "https://data.gdacs.org/gts.aspx?eventid=1000148&eventtype=VO",
        "revision": 0,
        "supersededBy": null,
        "flags": {
          "cloudObscured": false,
          "lowForecastConfidence": false,
          "correction": true
        },
        "editionId": "DARWIN/262000/2026/186/1788676200000"
      }
    },
    {
      "type": "Feature",
      "id": "DARWIN/262000/2026/186/1788676200000/18/0",
      "geometry": {
        "type": "Polygon",
        "coordinates": [
          [
            [
              107.916667,
              -4.816667
            ],
            [
              109.35,
              -6.183333
            ],
            [
              106.566667,
              -10.133333
            ],
            [
              99.333333,
              -10.016667
            ],
            [
              95.566667,
              -3.133333
            ],
            [
              107.916667,
              -4.816667
            ]
          ]
        ]
      },
      "properties": {
        "lower": 0,
        "upper": 120,
        "leadHours": 18,
        "validAt": 1788739800000,
        "kind": "forecast",
        "productId": "DARWIN/262000/2026/186",
        "number": "2026/186",
        "volcanoId": "262000",
        "issuedAt": 1788676200000,
        "observedAt": 1788675000000,
        "estimated": false,
        "sourceUrl": "https://data.gdacs.org/gts.aspx?eventid=1000148&eventtype=VO",
        "revision": 0,
        "supersededBy": null,
        "flags": {
          "cloudObscured": false,
          "lowForecastConfidence": false,
          "correction": true
        },
        "editionId": "DARWIN/262000/2026/186/1788676200000"
      }
    },
    {
      "type": "Feature",
      "id": "DARWIN/262000/2026/186/1788676200000/18/1",
      "geometry": {
        "type": "Polygon",
        "coordinates": [
          [
            [
              97.95,
              -7.15
            ],
            [
              93.8,
              -19.766667
            ],
            [
              78.016667,
              -16.566667
            ],
            [
              78.1,
              -10.966667
            ],
            [
              80.883333,
              -6.516667
            ],
            [
              97.95,
              -7.15
            ]
          ]
        ]
      },
      "properties": {
        "lower": 0,
        "upper": 500,
        "leadHours": 18,
        "validAt": 1788739800000,
        "kind": "forecast",
        "productId": "DARWIN/262000/2026/186",
        "number": "2026/186",
        "volcanoId": "262000",
        "issuedAt": 1788676200000,
        "observedAt": 1788675000000,
        "estimated": false,
        "sourceUrl": "https://data.gdacs.org/gts.aspx?eventid=1000148&eventtype=VO",
        "revision": 0,
        "supersededBy": null,
        "flags": {
          "cloudObscured": false,
          "lowForecastConfidence": false,
          "correction": true
        },
        "editionId": "DARWIN/262000/2026/186/1788676200000"
      }
    },
    {
      "type": "Feature",
      "id": "DARWIN/262000/2026/187/1788685800000/0/0",
      "geometry": {
        "type": "Polygon",
        "coordinates": [
          [
            [
              107.966667,
              -4.766667
            ],
            [
              109.25,
              -6.55
            ],
            [
              106.0,
              -11.683333
            ],
            [
              98.816667,
              -10.1
            ],
            [
              97.3,
              -3.283333
            ],
            [
              107.966667,
              -4.766667
            ]
          ]
        ]
      },
      "properties": {
        "lower": 0,
        "upper": 150,
        "leadHours": 0,
        "validAt": 1788687000000,
        "kind": "observed",
        "productId": "DARWIN/262000/2026/187",
        "number": "2026/187",
        "volcanoId": "262000",
        "issuedAt": 1788685800000,
        "observedAt": 1788687000000,
        "estimated": false,
        "sourceUrl": "https://data.gdacs.org/gts.aspx?eventid=1000148&eventtype=VO",
        "revision": 0,
        "supersededBy": null,
        "flags": {
          "cloudObscured": false,
          "lowForecastConfidence": false,
          "correction": false
        },
        "editionId": "DARWIN/262000/2026/187/1788685800000"
      }
    },
    {
      "type": "Feature",
      "id": "DARWIN/262000/2026/187/1788685800000/0/1",
      "geometry": {
        "type": "Polygon",
        "coordinates": [
          [
            [
              98.883333,
              -10.55
            ],
            [
              96.216667,
              -21.583333
            ],
            [
              81.516667,
              -17.566667
            ],
            [
              79.1,
              -10.716667
            ],
            [
              86.65,
              -1.816667
            ],
            [
              96.883333,
              -1.816667
            ],
            [
              98.883333,
              -10.55
            ]
          ]
        ]
      },
      "properties": {
        "lower": 0,
        "upper": 500,
        "leadHours": 0,
        "validAt": 1788687000000,
        "kind": "observed",
        "productId": "DARWIN/262000/2026/187",
        "number": "2026/187",
        "volcanoId": "262000",
        "issuedAt": 1788685800000,
        "observedAt": 1788687000000,
        "estimated": false,
        "sourceUrl": "https://data.gdacs.org/gts.aspx?eventid=1000148&eventtype=VO",
        "revision": 0,
        "supersededBy": null,
        "flags": {
          "cloudObscured": false,
          "lowForecastConfidence": false,
          "correction": false
        },
        "editionId": "DARWIN/262000/2026/187/1788685800000"
      }
    },
    {
      "type": "Feature",
      "id": "DARWIN/262000/2026/187/1788685800000/6/0",
      "geometry": {
        "type": "Polygon",
        "coordinates": [
          [
            [
              105.833333,
              -4.416667
            ],
            [
              109.35,
              -6.25
            ],
            [
              106.483333,
              -10.616667
            ],
            [
              99.016667,
              -9.9
            ],
            [
              95.983333,
              -3.516667
            ],
            [
              105.833333,
              -4.416667
            ]
          ]
        ]
      },
      "properties": {
        "lower": 0,
        "upper": 150,
        "leadHours": 6,
        "validAt": 1788708600000,
        "kind": "forecast",
        "productId": "DARWIN/262000/2026/187",
        "number": "2026/187",
        "volcanoId": "262000",
        "issuedAt": 1788685800000,
        "observedAt": 1788687000000,
        "estimated": false,
        "sourceUrl": "https://data.gdacs.org/gts.aspx?eventid=1000148&eventtype=VO",
        "revision": 0,
        "supersededBy": null,
        "flags": {
          "cloudObscured": false,
          "lowForecastConfidence": false,
          "correction": false
        },
        "editionId": "DARWIN/262000/2026/187/1788685800000"
      }
    },
    {
      "type": "Feature",
      "id": "DARWIN/262000/2026/187/1788685800000/6/1",
      "geometry": {
        "type": "Polygon",
        "coordinates": [
          [
            [
              98.816667,
              -9.75
            ],
            [
              95.066667,
              -21.216667
            ],
            [
              80.75,
              -18.8
            ],
            [
              78.283333,
              -13.033333
            ],
            [
              83.516667,
              -4.716667
            ],
            [
              96.033333,
              -3.466667
            ],
            [
              98.816667,
              -9.75
            ]
          ]
        ]
      },
      "properties": {
        "lower": 0,
        "upper": 500,
        "leadHours": 6,
        "validAt": 1788708600000,
        "kind": "forecast",
        "productId": "DARWIN/262000/2026/187",
        "number": "2026/187",
        "volcanoId": "262000",
        "issuedAt": 1788685800000,
        "observedAt": 1788687000000,
        "estimated": false,
        "sourceUrl": "https://data.gdacs.org/gts.aspx?eventid=1000148&eventtype=VO",
        "revision": 0,
        "supersededBy": null,
        "flags": {
          "cloudObscured": false,
          "lowForecastConfidence": false,
          "correction": false
        },
        "editionId": "DARWIN/262000/2026/187/1788685800000"
      }
    },
    {
      "type": "Feature",
      "id": "DARWIN/262000/2026/187/1788685800000/12/0",
      "geometry": {
        "type": "Polygon",
        "coordinates": [
          [
            [
              107.916667,
              -4.816667
            ],
            [
              109.35,
              -6.183333
            ],
            [
              106.533333,
              -10.983333
            ],
            [
              98.966667,
              -9.633333
            ],
            [
              96.133333,
              -3.35
            ],
            [
              107.916667,
              -4.816667
            ]
          ]
        ]
      },
      "properties": {
        "lower": 0,
        "upper": 150,
        "leadHours": 12,
        "validAt": 1788730200000,
        "kind": "forecast",
        "productId": "DARWIN/262000/2026/187",
        "number": "2026/187",
        "volcanoId": "262000",
        "issuedAt": 1788685800000,
        "observedAt": 1788687000000,
        "estimated": false,
        "sourceUrl": "https://data.gdacs.org/gts.aspx?eventid=1000148&eventtype=VO",
        "revision": 0,
        "supersededBy": null,
        "flags": {
          "cloudObscured": false,
          "lowForecastConfidence": false,
          "correction": false
        },
        "editionId": "DARWIN/262000/2026/187/1788685800000"
      }
    },
    {
      "type": "Feature",
      "id": "DARWIN/262000/2026/187/1788685800000/12/1",
      "geometry": {
        "type": "Polygon",
        "coordinates": [
          [
            [
              98.866667,
              -9.583333
            ],
            [
              95.416667,
              -21.733333
            ],
            [
              81.1,
              -19.016667
            ],
            [
              78.1,
              -10.966667
            ],
            [
              83.983333,
              -5.166667
            ],
            [
              96.083333,
              -3.416667
            ],
            [
              98.866667,
              -9.583333
            ]
          ]
        ]
      },
      "properties": {
        "lower": 0,
        "upper": 500,
        "leadHours": 12,
        "validAt": 1788730200000,
        "kind": "forecast",
        "productId": "DARWIN/262000/2026/187",
        "number": "2026/187",
        "volcanoId": "262000",
        "issuedAt": 1788685800000,
        "observedAt": 1788687000000,
        "estimated": false,
        "sourceUrl": "https://data.gdacs.org/gts.aspx?eventid=1000148&eventtype=VO",
        "revision": 0,
        "supersededBy": null,
        "flags": {
          "cloudObscured": false,
          "lowForecastConfidence": false,
          "correction": false
        },
        "editionId": "DARWIN/262000/2026/187/1788685800000"
      }
    },
    {
      "type": "Feature",
      "id": "DARWIN/262000/2026/187/1788685800000/18/0",
      "geometry": {
        "type": "Polygon",
        "coordinates": [
          [
            [
              107.616667,
              -4.8
            ],
            [
              109.533333,
              -6.233333
            ],
            [
              106.533333,
              -11.133333
            ],
            [
              99.383333,
              -9.85
            ],
            [
              96.083333,
              -3.25
            ],
            [
              107.616667,
              -4.8
            ]
          ]
        ]
      },
      "properties": {
        "lower": 0,
        "upper": 150,
        "leadHours": 18,
        "validAt": 1788751800000,
        "kind": "forecast",
        "productId": "DARWIN/262000/2026/187",
        "number": "2026/187",
        "volcanoId": "262000",
        "issuedAt": 1788685800000,
        "observedAt": 1788687000000,
        "estimated": false,
        "sourceUrl": "https://data.gdacs.org/gts.aspx?eventid=1000148&eventtype=VO",
        "revision": 0,
        "supersededBy": null,
        "flags": {
          "cloudObscured": false,
          "lowForecastConfidence": false,
          "correction": false
        },
        "editionId": "DARWIN/262000/2026/187/1788685800000"
      }
    },
    {
      "type": "Feature",
      "id": "DARWIN/262000/2026/187/1788685800000/18/1",
      "geometry": {
        "type": "Polygon",
        "coordinates": [
          [
            [
              98.766667,
              -8.766667
            ],
            [
              96.4,
              -22.15
            ],
            [
              81.05,
              -19.683333
            ],
            [
              77.6,
              -10.933333
            ],
            [
              84.2,
              -4.6
            ],
            [
              95.983333,
              -3.15
            ],
            [
              98.766667,
              -8.766667
            ]
          ]
        ]
      },
      "properties": {
        "lower": 0,
        "upper": 500,
        "leadHours": 18,
        "validAt": 1788751800000,
        "kind": "forecast",
        "productId": "DARWIN/262000/2026/187",
        "number": "2026/187",
        "volcanoId": "262000",
        "issuedAt": 1788685800000,
        "observedAt": 1788687000000,
        "estimated": false,
        "sourceUrl": "https://data.gdacs.org/gts.aspx?eventid=1000148&eventtype=VO",
        "revision": 0,
        "supersededBy": null,
        "flags": {
          "cloudObscured": false,
          "lowForecastConfidence": false,
          "correction": false
        },
        "editionId": "DARWIN/262000/2026/187/1788685800000"
      }
    },
    {
      "type": "Feature",
      "id": "DARWIN/262000/2026/188/1788694200000/0/0",
      "geometry": {
        "type": "Polygon",
        "coordinates": [
          [
            [
              105.466667,
              -3.783333
            ],
            [
              109.433333,
              -6.233333
            ],
            [
              106.55,
              -11.133333
            ],
            [
              98.2,
              -7.15
            ],
            [
              97.95,
              -3.033333
            ],
            [
              105.466667,
              -3.783333
            ]
          ]
        ]
      },
      "properties": {
        "lower": 0,
        "upper": 150,
        "leadHours": 0,
        "validAt": 1788693000000,
        "kind": "observed",
        "productId": "DARWIN/262000/2026/188",
        "number": "2026/188",
        "volcanoId": "262000",
        "issuedAt": 1788694200000,
        "observedAt": 1788693000000,
        "estimated": false,
        "sourceUrl": "https://data.gdacs.org/gts.aspx?eventid=1000148&eventtype=VO",
        "revision": 0,
        "supersededBy": null,
        "flags": {
          "cloudObscured": false,
          "lowForecastConfidence": false,
          "correction": false
        },
        "editionId": "DARWIN/262000/2026/188/1788694200000"
      }
    },
    {
      "type": "Feature",
      "id": "DARWIN/262000/2026/188/1788694200000/0/1",
      "geometry": {
        "type": "Polygon",
        "coordinates": [
          [
            [
              98.816667,
              -9.75
            ],
            [
              97.15,
              -20.5
            ],
            [
              84.883333,
              -17.95
            ],
            [
              80.016667,
              -10.45
            ],
            [
              84.566667,
              -3.9
            ],
            [
              91.016667,
              -3.8
            ],
            [
              98.816667,
              -9.75
            ]
          ]
        ]
      },
      "properties": {
        "lower": 0,
        "upper": 500,
        "leadHours": 0,
        "validAt": 1788693000000,
        "kind": "observed",
        "productId": "DARWIN/262000/2026/188",
        "number": "2026/188",
        "volcanoId": "262000",
        "issuedAt": 1788694200000,
        "observedAt": 1788693000000,
        "estimated": false,
        "sourceUrl": "https://data.gdacs.org/gts.aspx?eventid=1000148&eventtype=VO",
        "revision": 0,
        "supersededBy": null,
        "flags": {
          "cloudObscured": false,
          "lowForecastConfidence": false,
          "correction": false
        },
        "editionId": "DARWIN/262000/2026/188/1788694200000"
      }
    },
    {
      "type": "Feature",
      "id": "DARWIN/262000/2026/188/1788694200000/6/0",
      "geometry": {
        "type": "Polygon",
        "coordinates": [
          [
            [
              105.05,
              -3.333333
            ],
            [
              109.45,
              -6.216667
            ],
            [
              106.583333,
              -11.166667
            ],
            [
              98.35,
              -7.2
            ],
            [
              98.016667,
              -3.066667
            ],
            [
              105.05,
              -3.333333
            ]
          ]
        ]
      },
      "properties": {
        "lower": 0,
        "upper": 150,
        "leadHours": 6,
        "validAt": 1788714600000,
        "kind": "forecast",
        "productId": "DARWIN/262000/2026/188",
        "number": "2026/188",
        "volcanoId": "262000",
        "issuedAt": 1788694200000,
        "observedAt": 1788693000000,
        "estimated": false,
        "sourceUrl": "https://data.gdacs.org/gts.aspx?eventid=1000148&eventtype=VO",
        "revision": 0,
        "supersededBy": null,
        "flags": {
          "cloudObscured": false,
          "lowForecastConfidence": false,
          "correction": false
        },
        "editionId": "DARWIN/262000/2026/188/1788694200000"
      }
    },
    {
      "type": "Feature",
      "id": "DARWIN/262000/2026/188/1788694200000/6/1",
      "geometry": {
        "type": "Polygon",
        "coordinates": [
          [
            [
              98.783333,
              -10.15
            ],
            [
              96.55,
              -20.85
            ],
            [
              84.666667,
              -18.65
            ],
            [
              79.333333,
              -10.283333
            ],
            [
              84.783333,
              -4.033333
            ],
            [
              91.083333,
              -3.816667
            ],
            [
              98.783333,
              -10.15
            ]
          ]
        ]
      },
      "properties": {
        "lower": 0,
        "upper": 500,
        "leadHours": 6,
        "validAt": 1788714600000,
        "kind": "forecast",
        "productId": "DARWIN/262000/2026/188",
        "number": "2026/188",
        "volcanoId": "262000",
        "issuedAt": 1788694200000,
        "observedAt": 1788693000000,
        "estimated": false,
        "sourceUrl": "https://data.gdacs.org/gts.aspx?eventid=1000148&eventtype=VO",
        "revision": 0,
        "supersededBy": null,
        "flags": {
          "cloudObscured": false,
          "lowForecastConfidence": false,
          "correction": false
        },
        "editionId": "DARWIN/262000/2026/188/1788694200000"
      }
    },
    {
      "type": "Feature",
      "id": "DARWIN/262000/2026/188/1788694200000/12/0",
      "geometry": {
        "type": "Polygon",
        "coordinates": [
          [
            [
              105.15,
              -3.3
            ],
            [
              109.533333,
              -6.233333
            ],
            [
              106.533333,
              -11.133333
            ],
            [
              98.3,
              -7.1
            ],
            [
              97.783333,
              -3.016667
            ],
            [
              105.15,
              -3.3
            ]
          ]
        ]
      },
      "properties": {
        "lower": 0,
        "upper": 150,
        "leadHours": 12,
        "validAt": 1788736200000,
        "kind": "forecast",
        "productId": "DARWIN/262000/2026/188",
        "number": "2026/188",
        "volcanoId": "262000",
        "issuedAt": 1788694200000,
        "observedAt": 1788693000000,
        "estimated": false,
        "sourceUrl": "https://data.gdacs.org/gts.aspx?eventid=1000148&eventtype=VO",
        "revision": 0,
        "supersededBy": null,
        "flags": {
          "cloudObscured": false,
          "lowForecastConfidence": false,
          "correction": false
        },
        "editionId": "DARWIN/262000/2026/188/1788694200000"
      }
    },
    {
      "type": "Feature",
      "id": "DARWIN/262000/2026/188/1788694200000/12/1",
      "geometry": {
        "type": "Polygon",
        "coordinates": [
          [
            [
              98.633333,
              -9.916667
            ],
            [
              96.783333,
              -21.366667
            ],
            [
              84.333333,
              -19.083333
            ],
            [
              78.683333,
              -10.383333
            ],
            [
              84.616667,
              -4.016667
            ],
            [
              91.233333,
              -4.066667
            ],
            [
              98.633333,
              -9.916667
            ]
          ]
        ]
      },
      "properties": {
        "lower": 0,
        "upper": 500,
        "leadHours": 12,
        "validAt": 1788736200000,
        "kind": "forecast",
        "productId": "DARWIN/262000/2026/188",
        "number": "2026/188",
        "volcanoId": "262000",
        "issuedAt": 1788694200000,
        "observedAt": 1788693000000,
        "estimated": false,
        "sourceUrl": "https://data.gdacs.org/gts.aspx?eventid=1000148&eventtype=VO",
        "revision": 0,
        "supersededBy": null,
        "flags": {
          "cloudObscured": false,
          "lowForecastConfidence": false,
          "correction": false
        },
        "editionId": "DARWIN/262000/2026/188/1788694200000"
      }
    },
    {
      "type": "Feature",
      "id": "DARWIN/262000/2026/188/1788694200000/18/0",
      "geometry": {
        "type": "Polygon",
        "coordinates": [
          [
            [
              105.133333,
              -3.133333
            ],
            [
              109.45,
              -6.3
            ],
            [
              106.6,
              -11.166667
            ],
            [
              98.333333,
              -7.133333
            ],
            [
              97.883333,
              -3.016667
            ],
            [
              105.133333,
              -3.133333
            ]
          ]
        ]
      },
      "properties": {
        "lower": 0,
        "upper": 150,
        "leadHours": 18,
        "validAt": 1788757800000,
        "kind": "forecast",
        "productId": "DARWIN/262000/2026/188",
        "number": "2026/188",
        "volcanoId": "262000",
        "issuedAt": 1788694200000,
        "observedAt": 1788693000000,
        "estimated": false,
        "sourceUrl": "https://data.gdacs.org/gts.aspx?eventid=1000148&eventtype=VO",
        "revision": 0,
        "supersededBy": null,
        "flags": {
          "cloudObscured": false,
          "lowForecastConfidence": false,
          "correction": false
        },
        "editionId": "DARWIN/262000/2026/188/1788694200000"
      }
    },
    {
      "type": "Feature",
      "id": "DARWIN/262000/2026/188/1788694200000/18/1",
      "geometry": {
        "type": "Polygon",
        "coordinates": [
          [
            [
              98.633333,
              -10.05
            ],
            [
              96.733333,
              -21.6
            ],
            [
              84.1,
              -19.266667
            ],
            [
              78.533333,
              -10.483333
            ],
            [
              84.716667,
              -4.116667
            ],
            [
              91.183333,
              -3.866667
            ],
            [
              98.633333,
              -10.05
            ]
          ]
        ]
      },
      "properties": {
        "lower": 0,
        "upper": 500,
        "leadHours": 18,
        "validAt": 1788757800000,
        "kind": "forecast",
        "productId": "DARWIN/262000/2026/188",
        "number": "2026/188",
        "volcanoId": "262000",
        "issuedAt": 1788694200000,
        "observedAt": 1788693000000,
        "estimated": false,
        "sourceUrl": "https://data.gdacs.org/gts.aspx?eventid=1000148&eventtype=VO",
        "revision": 0,
        "supersededBy": null,
        "flags": {
          "cloudObscured": false,
          "lowForecastConfidence": false,
          "correction": false
        },
        "editionId": "DARWIN/262000/2026/188/1788694200000"
      }
    },
    {
      "type": "Feature",
      "id": "DARWIN/262000/2026/189/1788705000000/0/0",
      "geometry": {
        "type": "Polygon",
        "coordinates": [
          [
            [
              105.05,
              -3.333333
            ],
            [
              109.45,
              -6.216667
            ],
            [
              106.316667,
              -11.183333
            ],
            [
              98.383333,
              -5.85
            ],
            [
              98.016667,
              -3.066667
            ],
            [
              105.05,
              -3.333333
            ]
          ]
        ]
      },
      "properties": {
        "lower": 0,
        "upper": 150,
        "leadHours": 0,
        "validAt": 1788703800000,
        "kind": "observed",
        "productId": "DARWIN/262000/2026/189",
        "number": "2026/189",
        "volcanoId": "262000",
        "issuedAt": 1788705000000,
        "observedAt": 1788703800000,
        "estimated": false,
        "sourceUrl": "https://data.gdacs.org/gts.aspx?eventid=1000148&eventtype=VO",
        "revision": 0,
        "supersededBy": null,
        "flags": {
          "cloudObscured": false,
          "lowForecastConfidence": false,
          "correction": false
        },
        "editionId": "DARWIN/262000/2026/189/1788705000000"
      }
    },
    {
      "type": "Feature",
      "id": "DARWIN/262000/2026/189/1788705000000/0/1",
      "geometry": {
        "type": "Polygon",
        "coordinates": [
          [
            [
              97.833333,
              -11.233333
            ],
            [
              97.133333,
              -19.95
            ],
            [
              83.966667,
              -17.7
            ],
            [
              79.333333,
              -10.283333
            ],
            [
              84.783333,
              -4.033333
            ],
            [
              89.833333,
              -4.316667
            ],
            [
              97.833333,
              -11.233333
            ]
          ]
        ]
      },
      "properties": {
        "lower": 0,
        "upper": 500,
        "leadHours": 0,
        "validAt": 1788703800000,
        "kind": "observed",
        "productId": "DARWIN/262000/2026/189",
        "number": "2026/189",
        "volcanoId": "262000",
        "issuedAt": 1788705000000,
        "observedAt": 1788703800000,
        "estimated": false,
        "sourceUrl": "https://data.gdacs.org/gts.aspx?eventid=1000148&eventtype=VO",
        "revision": 0,
        "supersededBy": null,
        "flags": {
          "cloudObscured": false,
          "lowForecastConfidence": false,
          "correction": false
        },
        "editionId": "DARWIN/262000/2026/189/1788705000000"
      }
    },
    {
      "type": "Feature",
      "id": "DARWIN/262000/2026/189/1788705000000/6/0",
      "geometry": {
        "type": "Polygon",
        "coordinates": [
          [
            [
              105.15,
              -3.3
            ],
            [
              109.533333,
              -6.233333
            ],
            [
              106.533333,
              -11.133333
            ],
            [
              98.35,
              -5.983333
            ],
            [
              97.783333,
              -3.016667
            ],
            [
              105.15,
              -3.3
            ]
          ]
        ]
      },
      "properties": {
        "lower": 0,
        "upper": 150,
        "leadHours": 6,
        "validAt": 1788725400000,
        "kind": "forecast",
        "productId": "DARWIN/262000/2026/189",
        "number": "2026/189",
        "volcanoId": "262000",
        "issuedAt": 1788705000000,
        "observedAt": 1788703800000,
        "estimated": false,
        "sourceUrl": "https://data.gdacs.org/gts.aspx?eventid=1000148&eventtype=VO",
        "revision": 0,
        "supersededBy": null,
        "flags": {
          "cloudObscured": false,
          "lowForecastConfidence": false,
          "correction": false
        },
        "editionId": "DARWIN/262000/2026/189/1788705000000"
      }
    },
    {
      "type": "Feature",
      "id": "DARWIN/262000/2026/189/1788705000000/6/1",
      "geometry": {
        "type": "Polygon",
        "coordinates": [
          [
            [
              97.916667,
              -11.3
            ],
            [
              97.05,
              -20.466667
            ],
            [
              83.9,
              -18.4
            ],
            [
              78.683333,
              -10.383333
            ],
            [
              83.516667,
              -4.4
            ],
            [
              90.05,
              -4.483333
            ],
            [
              97.916667,
              -11.3
            ]
          ]
        ]
      },
      "properties": {
        "lower": 0,
        "upper": 500,
        "leadHours": 6,
        "validAt": 1788725400000,
        "kind": "forecast",
        "productId": "DARWIN/262000/2026/189",
        "number": "2026/189",
        "volcanoId": "262000",
        "issuedAt": 1788705000000,
        "observedAt": 1788703800000,
        "estimated": false,
        "sourceUrl": "https://data.gdacs.org/gts.aspx?eventid=1000148&eventtype=VO",
        "revision": 0,
        "supersededBy": null,
        "flags": {
          "cloudObscured": false,
          "lowForecastConfidence": false,
          "correction": false
        },
        "editionId": "DARWIN/262000/2026/189/1788705000000"
      }
    },
    {
      "type": "Feature",
      "id": "DARWIN/262000/2026/189/1788705000000/12/0",
      "geometry": {
        "type": "Polygon",
        "coordinates": [
          [
            [
              104.816667,
              -2.716667
            ],
            [
              109.45,
              -6.3
            ],
            [
              106.6,
              -11.166667
            ],
            [
              98.45,
              -5.983333
            ],
            [
              97.916667,
              -3.066667
            ],
            [
              104.816667,
              -2.716667
            ]
          ]
        ]
      },
      "properties": {
        "lower": 0,
        "upper": 150,
        "leadHours": 12,
        "validAt": 1788747000000,
        "kind": "forecast",
        "productId": "DARWIN/262000/2026/189",
        "number": "2026/189",
        "volcanoId": "262000",
        "issuedAt": 1788705000000,
        "observedAt": 1788703800000,
        "estimated": false,
        "sourceUrl": "https://data.gdacs.org/gts.aspx?eventid=1000148&eventtype=VO",
        "revision": 0,
        "supersededBy": null,
        "flags": {
          "cloudObscured": false,
          "lowForecastConfidence": false,
          "correction": false
        },
        "editionId": "DARWIN/262000/2026/189/1788705000000"
      }
    },
    {
      "type": "Feature",
      "id": "DARWIN/262000/2026/189/1788705000000/12/1",
      "geometry": {
        "type": "Polygon",
        "coordinates": [
          [
            [
              97.85,
              -11.533333
            ],
            [
              96.933333,
              -20.75
            ],
            [
              83.9,
              -18.716667
            ],
            [
              77.933333,
              -10.316667
            ],
            [
              82.466667,
              -4.716667
            ],
            [
              89.6,
              -4.716667
            ],
            [
              97.85,
              -11.533333
            ]
          ]
        ]
      },
      "properties": {
        "lower": 0,
        "upper": 500,
        "leadHours": 12,
        "validAt": 1788747000000,
        "kind": "forecast",
        "productId": "DARWIN/262000/2026/189",
        "number": "2026/189",
        "volcanoId": "262000",
        "issuedAt": 1788705000000,
        "observedAt": 1788703800000,
        "estimated": false,
        "sourceUrl": "https://data.gdacs.org/gts.aspx?eventid=1000148&eventtype=VO",
        "revision": 0,
        "supersededBy": null,
        "flags": {
          "cloudObscured": false,
          "lowForecastConfidence": false,
          "correction": false
        },
        "editionId": "DARWIN/262000/2026/189/1788705000000"
      }
    },
    {
      "type": "Feature",
      "id": "DARWIN/262000/2026/189/1788705000000/18/0",
      "geometry": {
        "type": "Polygon",
        "coordinates": [
          [
            [
              104.566667,
              -2.3
            ],
            [
              109.383333,
              -6.233333
            ],
            [
              106.633333,
              -10.983333
            ],
            [
              98.383333,
              -5.916667
            ],
            [
              97.95,
              -3.0
            ],
            [
              104.566667,
              -2.3
            ]
          ]
        ]
      },
      "properties": {
        "lower": 0,
        "upper": 150,
        "leadHours": 18,
        "validAt": 1788768600000,
        "kind": "forecast",
        "productId": "DARWIN/262000/2026/189",
        "number": "2026/189",
        "volcanoId": "262000",
        "issuedAt": 1788705000000,
        "observedAt": 1788703800000,
        "estimated": false,
        "sourceUrl": "https://data.gdacs.org/gts.aspx?eventid=1000148&eventtype=VO",
        "revision": 0,
        "supersededBy": null,
        "flags": {
          "cloudObscured": false,
          "lowForecastConfidence": false,
          "correction": false
        },
        "editionId": "DARWIN/262000/2026/189/1788705000000"
      }
    },
    {
      "type": "Feature",
      "id": "DARWIN/262000/2026/189/1788705000000/18/1",
      "geometry": {
        "type": "Polygon",
        "coordinates": [
          [
            [
              97.85,
              -11.5
            ],
            [
              96.9,
              -20.916667
            ],
            [
              83.383333,
              -18.95
            ],
            [
              77.333333,
              -10.416667
            ],
            [
              81.833333,
              -5.0
            ],
            [
              89.666667,
              -4.766667
            ],
            [
              97.85,
              -11.5
            ]
          ]
        ]
      },
      "properties": {
        "lower": 0,
        "upper": 500,
        "leadHours": 18,
        "validAt": 1788768600000,
        "kind": "forecast",
        "productId": "DARWIN/262000/2026/189",
        "number": "2026/189",
        "volcanoId": "262000",
        "issuedAt": 1788705000000,
        "observedAt": 1788703800000,
        "estimated": false,
        "sourceUrl": "https://data.gdacs.org/gts.aspx?eventid=1000148&eventtype=VO",
        "revision": 0,
        "supersededBy": null,
        "flags": {
          "cloudObscured": false,
          "lowForecastConfidence": false,
          "correction": false
        },
        "editionId": "DARWIN/262000/2026/189/1788705000000"
      }
    },
    {
      "type": "Feature",
      "id": "DARWIN/262000/2026/190/1788715800000/0/0",
      "geometry": {
        "type": "Polygon",
        "coordinates": [
          [
            [
              105.05,
              -3.033333
            ],
            [
              109.616667,
              -6.233333
            ],
            [
              106.766667,
              -11.316667
            ],
            [
              98.35,
              -5.983333
            ],
            [
              97.783333,
              -3.016667
            ],
            [
              105.05,
              -3.033333
            ]
          ]
        ]
      },
      "properties": {
        "lower": 0,
        "upper": 150,
        "leadHours": 0,
        "validAt": 1788714600000,
        "kind": "observed",
        "productId": "DARWIN/262000/2026/190",
        "number": "2026/190",
        "volcanoId": "262000",
        "issuedAt": 1788715800000,
        "observedAt": 1788714600000,
        "estimated": false,
        "sourceUrl": "https://data.gdacs.org/gts.aspx?eventid=1000148&eventtype=VO",
        "revision": 0,
        "supersededBy": null,
        "flags": {
          "cloudObscured": false,
          "lowForecastConfidence": false,
          "correction": false
        },
        "editionId": "DARWIN/262000/2026/190/1788715800000"
      }
    },
    {
      "type": "Feature",
      "id": "DARWIN/262000/2026/190/1788715800000/0/1",
      "geometry": {
        "type": "Polygon",
        "coordinates": [
          [
            [
              97.916667,
              -11.3
            ],
            [
              99.233333,
              -20.35
            ],
            [
              83.9,
              -18.4
            ],
            [
              78.183333,
              -10.25
            ],
            [
              83.1,
              -4.35
            ],
            [
              90.05,
              -4.483333
            ],
            [
              97.916667,
              -11.3
            ]
          ]
        ]
      },
      "properties": {
        "lower": 0,
        "upper": 500,
        "leadHours": 0,
        "validAt": 1788714600000,
        "kind": "observed",
        "productId": "DARWIN/262000/2026/190",
        "number": "2026/190",
        "volcanoId": "262000",
        "issuedAt": 1788715800000,
        "observedAt": 1788714600000,
        "estimated": false,
        "sourceUrl": "https://data.gdacs.org/gts.aspx?eventid=1000148&eventtype=VO",
        "revision": 0,
        "supersededBy": null,
        "flags": {
          "cloudObscured": false,
          "lowForecastConfidence": false,
          "correction": false
        },
        "editionId": "DARWIN/262000/2026/190/1788715800000"
      }
    },
    {
      "type": "Feature",
      "id": "DARWIN/262000/2026/190/1788715800000/6/0",
      "geometry": {
        "type": "Polygon",
        "coordinates": [
          [
            [
              104.816667,
              -2.716667
            ],
            [
              109.55,
              -6.233333
            ],
            [
              106.833333,
              -11.216667
            ],
            [
              98.45,
              -5.983333
            ],
            [
              97.916667,
              -3.066667
            ],
            [
              104.816667,
              -2.716667
            ]
          ]
        ]
      },
      "properties": {
        "lower": 0,
        "upper": 150,
        "leadHours": 6,
        "validAt": 1788736200000,
        "kind": "forecast",
        "productId": "DARWIN/262000/2026/190",
        "number": "2026/190",
        "volcanoId": "262000",
        "issuedAt": 1788715800000,
        "observedAt": 1788714600000,
        "estimated": false,
        "sourceUrl": "https://data.gdacs.org/gts.aspx?eventid=1000148&eventtype=VO",
        "revision": 0,
        "supersededBy": null,
        "flags": {
          "cloudObscured": false,
          "lowForecastConfidence": false,
          "correction": false
        },
        "editionId": "DARWIN/262000/2026/190/1788715800000"
      }
    },
    {
      "type": "Feature",
      "id": "DARWIN/262000/2026/190/1788715800000/6/1",
      "geometry": {
        "type": "Polygon",
        "coordinates": [
          [
            [
              97.85,
              -11.533333
            ],
            [
              98.9,
              -20.683333
            ],
            [
              83.9,
              -18.716667
            ],
            [
              77.433333,
              -10.083333
            ],
            [
              81.933333,
              -4.65
            ],
            [
              89.6,
              -4.716667
            ],
            [
              97.85,
              -11.533333
            ]
          ]
        ]
      },
      "properties": {
        "lower": 0,
        "upper": 500,
        "leadHours": 6,
        "validAt": 1788736200000,
        "kind": "forecast",
        "productId": "DARWIN/262000/2026/190",
        "number": "2026/190",
        "volcanoId": "262000",
        "issuedAt": 1788715800000,
        "observedAt": 1788714600000,
        "estimated": false,
        "sourceUrl": "https://data.gdacs.org/gts.aspx?eventid=1000148&eventtype=VO",
        "revision": 0,
        "supersededBy": null,
        "flags": {
          "cloudObscured": false,
          "lowForecastConfidence": false,
          "correction": false
        },
        "editionId": "DARWIN/262000/2026/190/1788715800000"
      }
    },
    {
      "type": "Feature",
      "id": "DARWIN/262000/2026/190/1788715800000/12/0",
      "geometry": {
        "type": "Polygon",
        "coordinates": [
          [
            [
              104.566667,
              -2.3
            ],
            [
              109.55,
              -6.233333
            ],
            [
              106.8,
              -11.183333
            ],
            [
              98.383333,
              -5.916667
            ],
            [
              97.95,
              -3.0
            ],
            [
              104.566667,
              -2.3
            ]
          ]
        ]
      },
      "properties": {
        "lower": 0,
        "upper": 150,
        "leadHours": 12,
        "validAt": 1788757800000,
        "kind": "forecast",
        "productId": "DARWIN/262000/2026/190",
        "number": "2026/190",
        "volcanoId": "262000",
        "issuedAt": 1788715800000,
        "observedAt": 1788714600000,
        "estimated": false,
        "sourceUrl": "https://data.gdacs.org/gts.aspx?eventid=1000148&eventtype=VO",
        "revision": 0,
        "supersededBy": null,
        "flags": {
          "cloudObscured": false,
          "lowForecastConfidence": false,
          "correction": false
        },
        "editionId": "DARWIN/262000/2026/190/1788715800000"
      }
    },
    {
      "type": "Feature",
      "id": "DARWIN/262000/2026/190/1788715800000/12/1",
      "geometry": {
        "type": "Polygon",
        "coordinates": [
          [
            [
              97.85,
              -11.5
            ],
            [
              98.216667,
              -21.05
            ],
            [
              83.533333,
              -19.016667
            ],
            [
              76.7,
              -10.316667
            ],
            [
              80.9,
              -4.866667
            ],
            [
              89.666667,
              -4.766667
            ],
            [
              97.85,
              -11.5
            ]
          ]
        ]
      },
      "properties": {
        "lower": 0,
        "upper": 500,
        "leadHours": 12,
        "validAt": 1788757800000,
        "kind": "forecast",
        "productId": "DARWIN/262000/2026/190",
        "number": "2026/190",
        "volcanoId": "262000",
        "issuedAt": 1788715800000,
        "observedAt": 1788714600000,
        "estimated": false,
        "sourceUrl": "https://data.gdacs.org/gts.aspx?eventid=1000148&eventtype=VO",
        "revision": 0,
        "supersededBy": null,
        "flags": {
          "cloudObscured": false,
          "lowForecastConfidence": false,
          "correction": false
        },
        "editionId": "DARWIN/262000/2026/190/1788715800000"
      }
    },
    {
      "type": "Feature",
      "id": "DARWIN/262000/2026/190/1788715800000/18/0",
      "geometry": {
        "type": "Polygon",
        "coordinates": [
          [
            [
              109.583333,
              -6.2
            ],
            [
              106.833333,
              -11.116667
            ],
            [
              98.383333,
              -5.883333
            ],
            [
              97.8,
              -3.0
            ],
            [
              104.366667,
              -1.9
            ],
            [
              109.583333,
              -6.2
            ]
          ]
        ]
      },
      "properties": {
        "lower": 0,
        "upper": 150,
        "leadHours": 18,
        "validAt": 1788779400000,
        "kind": "forecast",
        "productId": "DARWIN/262000/2026/190",
        "number": "2026/190",
        "volcanoId": "262000",
        "issuedAt": 1788715800000,
        "observedAt": 1788714600000,
        "estimated": false,
        "sourceUrl": "https://data.gdacs.org/gts.aspx?eventid=1000148&eventtype=VO",
        "revision": 0,
        "supersededBy": null,
        "flags": {
          "cloudObscured": false,
          "lowForecastConfidence": false,
          "correction": false
        },
        "editionId": "DARWIN/262000/2026/190/1788715800000"
      }
    },
    {
      "type": "Feature",
      "id": "DARWIN/262000/2026/190/1788715800000/18/1",
      "geometry": {
        "type": "Polygon",
        "coordinates": [
          [
            [
              97.7,
              -11.416667
            ],
            [
              97.716667,
              -21.133333
            ],
            [
              82.583333,
              -19.15
            ],
            [
              75.916667,
              -10.25
            ],
            [
              81.033333,
              -4.45
            ],
            [
              89.516667,
              -4.716667
            ],
            [
              97.7,
              -11.416667
            ]
          ]
        ]
      },
      "properties": {
        "lower": 0,
        "upper": 500,
        "leadHours": 18,
        "validAt": 1788779400000,
        "kind": "forecast",
        "productId": "DARWIN/262000/2026/190",
        "number": "2026/190",
        "volcanoId": "262000",
        "issuedAt": 1788715800000,
        "observedAt": 1788714600000,
        "estimated": false,
        "sourceUrl": "https://data.gdacs.org/gts.aspx?eventid=1000148&eventtype=VO",
        "revision": 0,
        "supersededBy": null,
        "flags": {
          "cloudObscured": false,
          "lowForecastConfidence": false,
          "correction": false
        },
        "editionId": "DARWIN/262000/2026/190/1788715800000"
      }
    },
    {
      "type": "Feature",
      "id": "DARWIN/262000/2026/191/1788725400000/0/0",
      "geometry": {
        "type": "Polygon",
        "coordinates": [
          [
            [
              104.816667,
              -2.716667
            ],
            [
              109.55,
              -6.233333
            ],
            [
              106.833333,
              -11.216667
            ],
            [
              98.45,
              -5.983333
            ],
            [
              97.916667,
              -3.066667
            ],
            [
              104.816667,
              -2.716667
            ]
          ]
        ]
      },
      "properties": {
        "lower": 0,
        "upper": 150,
        "leadHours": 0,
        "validAt": 1788726600000,
        "kind": "observed",
        "productId": "DARWIN/262000/2026/191",
        "number": "2026/191",
        "volcanoId": "262000",
        "issuedAt": 1788725400000,
        "observedAt": 1788726600000,
        "estimated": false,
        "sourceUrl": "https://data.gdacs.org/gts.aspx?eventid=1000148&eventtype=VO",
        "revision": 0,
        "supersededBy": null,
        "flags": {
          "cloudObscured": false,
          "lowForecastConfidence": false,
          "correction": false
        },
        "editionId": "DARWIN/262000/2026/191/1788725400000"
      }
    },
    {
      "type": "Feature",
      "id": "DARWIN/262000/2026/191/1788725400000/0/1",
      "geometry": {
        "type": "Polygon",
        "coordinates": [
          [
            [
              96.916667,
              -12.083333
            ],
            [
              98.933333,
              -21.016667
            ],
            [
              83.366667,
              -19.133333
            ],
            [
              76.316667,
              -10.966667
            ],
            [
              81.933333,
              -4.65
            ],
            [
              88.8,
              -10.5
            ],
            [
              96.916667,
              -12.083333
            ]
          ]
        ]
      },
      "properties": {
        "lower": 0,
        "upper": 500,
        "leadHours": 0,
        "validAt": 1788726600000,
        "kind": "observed",
        "productId": "DARWIN/262000/2026/191",
        "number": "2026/191",
        "volcanoId": "262000",
        "issuedAt": 1788725400000,
        "observedAt": 1788726600000,
        "estimated": false,
        "sourceUrl": "https://data.gdacs.org/gts.aspx?eventid=1000148&eventtype=VO",
        "revision": 0,
        "supersededBy": null,
        "flags": {
          "cloudObscured": false,
          "lowForecastConfidence": false,
          "correction": false
        },
        "editionId": "DARWIN/262000/2026/191/1788725400000"
      }
    },
    {
      "type": "Feature",
      "id": "DARWIN/262000/2026/191/1788725400000/6/0",
      "geometry": {
        "type": "Polygon",
        "coordinates": [
          [
            [
              104.566667,
              -2.3
            ],
            [
              109.55,
              -6.233333
            ],
            [
              106.8,
              -11.183333
            ],
            [
              98.383333,
              -5.916667
            ],
            [
              97.95,
              -3.0
            ],
            [
              104.566667,
              -2.3
            ]
          ]
        ]
      },
      "properties": {
        "lower": 0,
        "upper": 150,
        "leadHours": 6,
        "validAt": 1788748200000,
        "kind": "forecast",
        "productId": "DARWIN/262000/2026/191",
        "number": "2026/191",
        "volcanoId": "262000",
        "issuedAt": 1788725400000,
        "observedAt": 1788726600000,
        "estimated": false,
        "sourceUrl": "https://data.gdacs.org/gts.aspx?eventid=1000148&eventtype=VO",
        "revision": 0,
        "supersededBy": null,
        "flags": {
          "cloudObscured": false,
          "lowForecastConfidence": false,
          "correction": false
        },
        "editionId": "DARWIN/262000/2026/191/1788725400000"
      }
    },
    {
      "type": "Feature",
      "id": "DARWIN/262000/2026/191/1788725400000/6/1",
      "geometry": {
        "type": "Polygon",
        "coordinates": [
          [
            [
              96.033333,
              -14.783333
            ],
            [
              98.716667,
              -21.15
            ],
            [
              80.833333,
              -19.6
            ],
            [
              75.5,
              -11.0
            ],
            [
              81.266667,
              -5.2
            ],
            [
              88.7,
              -11.483333
            ],
            [
              96.033333,
              -14.783333
            ]
          ]
        ]
      },
      "properties": {
        "lower": 0,
        "upper": 500,
        "leadHours": 6,
        "validAt": 1788748200000,
        "kind": "forecast",
        "productId": "DARWIN/262000/2026/191",
        "number": "2026/191",
        "volcanoId": "262000",
        "issuedAt": 1788725400000,
        "observedAt": 1788726600000,
        "estimated": false,
        "sourceUrl": "https://data.gdacs.org/gts.aspx?eventid=1000148&eventtype=VO",
        "revision": 0,
        "supersededBy": null,
        "flags": {
          "cloudObscured": false,
          "lowForecastConfidence": false,
          "correction": false
        },
        "editionId": "DARWIN/262000/2026/191/1788725400000"
      }
    },
    {
      "type": "Feature",
      "id": "DARWIN/262000/2026/191/1788725400000/12/0",
      "geometry": {
        "type": "Polygon",
        "coordinates": [
          [
            [
              109.583333,
              -6.2
            ],
            [
              106.833333,
              -11.116667
            ],
            [
              98.383333,
              -5.883333
            ],
            [
              97.8,
              -3.0
            ],
            [
              104.366667,
              -1.9
            ],
            [
              109.583333,
              -6.2
            ]
          ]
        ]
      },
      "properties": {
        "lower": 0,
        "upper": 150,
        "leadHours": 12,
        "validAt": 1788769800000,
        "kind": "forecast",
        "productId": "DARWIN/262000/2026/191",
        "number": "2026/191",
        "volcanoId": "262000",
        "issuedAt": 1788725400000,
        "observedAt": 1788726600000,
        "estimated": false,
        "sourceUrl": "https://data.gdacs.org/gts.aspx?eventid=1000148&eventtype=VO",
        "revision": 0,
        "supersededBy": null,
        "flags": {
          "cloudObscured": false,
          "lowForecastConfidence": false,
          "correction": false
        },
        "editionId": "DARWIN/262000/2026/191/1788725400000"
      }
    },
    {
      "type": "Feature",
      "id": "DARWIN/262000/2026/191/1788725400000/12/1",
      "geometry": {
        "type": "Polygon",
        "coordinates": [
          [
            [
              95.983333,
              -15.0
            ],
            [
              99.3,
              -21.916667
            ],
            [
              79.55,
              -20.266667
            ],
            [
              75.55,
              -11.383333
            ],
            [
              80.183333,
              -5.583333
            ],
            [
              88.9,
              -12.466667
            ],
            [
              95.983333,
              -15.0
            ]
          ]
        ]
      },
      "properties": {
        "lower": 0,
        "upper": 500,
        "leadHours": 12,
        "validAt": 1788769800000,
        "kind": "forecast",
        "productId": "DARWIN/262000/2026/191",
        "number": "2026/191",
        "volcanoId": "262000",
        "issuedAt": 1788725400000,
        "observedAt": 1788726600000,
        "estimated": false,
        "sourceUrl": "https://data.gdacs.org/gts.aspx?eventid=1000148&eventtype=VO",
        "revision": 0,
        "supersededBy": null,
        "flags": {
          "cloudObscured": false,
          "lowForecastConfidence": false,
          "correction": false
        },
        "editionId": "DARWIN/262000/2026/191/1788725400000"
      }
    },
    {
      "type": "Feature",
      "id": "DARWIN/262000/2026/191/1788725400000/18/0",
      "geometry": {
        "type": "Polygon",
        "coordinates": [
          [
            [
              109.633333,
              -6.316667
            ],
            [
              106.85,
              -11.066667
            ],
            [
              98.466667,
              -5.85
            ],
            [
              97.85,
              -2.95
            ],
            [
              104.05,
              -1.5
            ],
            [
              109.633333,
              -6.316667
            ]
          ]
        ]
      },
      "properties": {
        "lower": 0,
        "upper": 150,
        "leadHours": 18,
        "validAt": 1788791400000,
        "kind": "forecast",
        "productId": "DARWIN/262000/2026/191",
        "number": "2026/191",
        "volcanoId": "262000",
        "issuedAt": 1788725400000,
        "observedAt": 1788726600000,
        "estimated": false,
        "sourceUrl": "https://data.gdacs.org/gts.aspx?eventid=1000148&eventtype=VO",
        "revision": 0,
        "supersededBy": null,
        "flags": {
          "cloudObscured": false,
          "lowForecastConfidence": false,
          "correction": false
        },
        "editionId": "DARWIN/262000/2026/191/1788725400000"
      }
    },
    {
      "type": "Feature",
      "id": "DARWIN/262000/2026/191/1788725400000/18/1",
      "geometry": {
        "type": "Polygon",
        "coordinates": [
          [
            [
              96.183333,
              -15.55
            ],
            [
              99.183333,
              -21.4
            ],
            [
              78.2,
              -20.416667
            ],
            [
              75.15,
              -12.233333
            ],
            [
              78.866667,
              -6.533333
            ],
            [
              86.766667,
              -13.05
            ],
            [
              96.183333,
              -15.55
            ]
          ]
        ]
      },
      "properties": {
        "lower": 0,
        "upper": 500,
        "leadHours": 18,
        "validAt": 1788791400000,
        "kind": "forecast",
        "productId": "DARWIN/262000/2026/191",
        "number": "2026/191",
        "volcanoId": "262000",
        "issuedAt": 1788725400000,
        "observedAt": 1788726600000,
        "estimated": false,
        "sourceUrl": "https://data.gdacs.org/gts.aspx?eventid=1000148&eventtype=VO",
        "revision": 0,
        "supersededBy": null,
        "flags": {
          "cloudObscured": false,
          "lowForecastConfidence": false,
          "correction": false
        },
        "editionId": "DARWIN/262000/2026/191/1788725400000"
      }
    },
    {
      "type": "Feature",
      "id": "DARWIN/262000/2026/192/1788737400000/0/0",
      "geometry": {
        "type": "Polygon",
        "coordinates": [
          [
            [
              104.566667,
              -2.3
            ],
            [
              109.55,
              -6.233333
            ],
            [
              106.8,
              -11.183333
            ],
            [
              98.216667,
              -5.983333
            ],
            [
              97.95,
              -3.0
            ],
            [
              104.566667,
              -2.3
            ]
          ]
        ]
      },
      "properties": {
        "lower": 0,
        "upper": 150,
        "leadHours": 0,
        "validAt": 1788736200000,
        "kind": "observed",
        "productId": "DARWIN/262000/2026/192",
        "number": "2026/192",
        "volcanoId": "262000",
        "issuedAt": 1788737400000,
        "observedAt": 1788736200000,
        "estimated": false,
        "sourceUrl": "https://data.gdacs.org/gts.aspx?eventid=1000148&eventtype=VO",
        "revision": 0,
        "supersededBy": null,
        "flags": {
          "cloudObscured": false,
          "lowForecastConfidence": false,
          "correction": false
        },
        "editionId": "DARWIN/262000/2026/192/1788737400000"
      }
    },
    {
      "type": "Feature",
      "id": "DARWIN/262000/2026/192/1788737400000/0/1",
      "geometry": {
        "type": "Polygon",
        "coordinates": [
          [
            [
              96.883333,
              -12.083333
            ],
            [
              97.066667,
              -20.416667
            ],
            [
              81.533333,
              -17.866667
            ],
            [
              75.366667,
              -9.383333
            ],
            [
              81.883333,
              -3.783333
            ],
            [
              90.066667,
              -11.35
            ],
            [
              96.883333,
              -12.083333
            ]
          ]
        ]
      },
      "properties": {
        "lower": 0,
        "upper": 500,
        "leadHours": 0,
        "validAt": 1788736200000,
        "kind": "observed",
        "productId": "DARWIN/262000/2026/192",
        "number": "2026/192",
        "volcanoId": "262000",
        "issuedAt": 1788737400000,
        "observedAt": 1788736200000,
        "estimated": false,
        "sourceUrl": "https://data.gdacs.org/gts.aspx?eventid=1000148&eventtype=VO",
        "revision": 0,
        "supersededBy": null,
        "flags": {
          "cloudObscured": false,
          "lowForecastConfidence": false,
          "correction": false
        },
        "editionId": "DARWIN/262000/2026/192/1788737400000"
      }
    },
    {
      "type": "Feature",
      "id": "DARWIN/262000/2026/192/1788737400000/6/0",
      "geometry": {
        "type": "Polygon",
        "coordinates": [
          [
            [
              109.583333,
              -6.2
            ],
            [
              106.833333,
              -11.116667
            ],
            [
              98.383333,
              -5.883333
            ],
            [
              97.8,
              -3.0
            ],
            [
              104.366667,
              -1.9
            ],
            [
              109.583333,
              -6.2
            ]
          ]
        ]
      },
      "properties": {
        "lower": 0,
        "upper": 150,
        "leadHours": 6,
        "validAt": 1788757800000,
        "kind": "forecast",
        "productId": "DARWIN/262000/2026/192",
        "number": "2026/192",
        "volcanoId": "262000",
        "issuedAt": 1788737400000,
        "observedAt": 1788736200000,
        "estimated": false,
        "sourceUrl": "https://data.gdacs.org/gts.aspx?eventid=1000148&eventtype=VO",
        "revision": 0,
        "supersededBy": null,
        "flags": {
          "cloudObscured": false,
          "lowForecastConfidence": false,
          "correction": false
        },
        "editionId": "DARWIN/262000/2026/192/1788737400000"
      }
    },
    {
      "type": "Feature",
      "id": "DARWIN/262000/2026/192/1788737400000/6/1",
      "geometry": {
        "type": "Polygon",
        "coordinates": [
          [
            [
              95.8,
              -14.383333
            ],
            [
              98.383333,
              -21.183333
            ],
            [
              80.55,
              -19.2
            ],
            [
              76.033333,
              -10.533333
            ],
            [
              80.633333,
              -4.833333
            ],
            [
              89.333333,
              -12.483333
            ],
            [
              95.8,
              -14.383333
            ]
          ]
        ]
      },
      "properties": {
        "lower": 0,
        "upper": 500,
        "leadHours": 6,
        "validAt": 1788757800000,
        "kind": "forecast",
        "productId": "DARWIN/262000/2026/192",
        "number": "2026/192",
        "volcanoId": "262000",
        "issuedAt": 1788737400000,
        "observedAt": 1788736200000,
        "estimated": false,
        "sourceUrl": "https://data.gdacs.org/gts.aspx?eventid=1000148&eventtype=VO",
        "revision": 0,
        "supersededBy": null,
        "flags": {
          "cloudObscured": false,
          "lowForecastConfidence": false,
          "correction": false
        },
        "editionId": "DARWIN/262000/2026/192/1788737400000"
      }
    },
    {
      "type": "Feature",
      "id": "DARWIN/262000/2026/192/1788737400000/12/0",
      "geometry": {
        "type": "Polygon",
        "coordinates": [
          [
            [
              109.633333,
              -6.316667
            ],
            [
              106.85,
              -11.066667
            ],
            [
              98.466667,
              -5.85
            ],
            [
              97.85,
              -2.95
            ],
            [
              104.05,
              -1.5
            ],
            [
              109.633333,
              -6.316667
            ]
          ]
        ]
      },
      "properties": {
        "lower": 0,
        "upper": 150,
        "leadHours": 12,
        "validAt": 1788779400000,
        "kind": "forecast",
        "productId": "DARWIN/262000/2026/192",
        "number": "2026/192",
        "volcanoId": "262000",
        "issuedAt": 1788737400000,
        "observedAt": 1788736200000,
        "estimated": false,
        "sourceUrl": "https://data.gdacs.org/gts.aspx?eventid=1000148&eventtype=VO",
        "revision": 0,
        "supersededBy": null,
        "flags": {
          "cloudObscured": false,
          "lowForecastConfidence": false,
          "correction": false
        },
        "editionId": "DARWIN/262000/2026/192/1788737400000"
      }
    },
    {
      "type": "Feature",
      "id": "DARWIN/262000/2026/192/1788737400000/12/1",
      "geometry": {
        "type": "Polygon",
        "coordinates": [
          [
            [
              96.466667,
              -15.65
            ],
            [
              99.35,
              -22.25
            ],
            [
              79.666667,
              -20.55
            ],
            [
              75.1,
              -11.0
            ],
            [
              79.616667,
              -6.1
            ],
            [
              87.216667,
              -13.116667
            ],
            [
              96.466667,
              -15.65
            ]
          ]
        ]
      },
      "properties": {
        "lower": 0,
        "upper": 500,
        "leadHours": 12,
        "validAt": 1788779400000,
        "kind": "forecast",
        "productId": "DARWIN/262000/2026/192",
        "number": "2026/192",
        "volcanoId": "262000",
        "issuedAt": 1788737400000,
        "observedAt": 1788736200000,
        "estimated": false,
        "sourceUrl": "https://data.gdacs.org/gts.aspx?eventid=1000148&eventtype=VO",
        "revision": 0,
        "supersededBy": null,
        "flags": {
          "cloudObscured": false,
          "lowForecastConfidence": false,
          "correction": false
        },
        "editionId": "DARWIN/262000/2026/192/1788737400000"
      }
    },
    {
      "type": "Feature",
      "id": "DARWIN/262000/2026/192/1788737400000/18/0",
      "geometry": {
        "type": "Polygon",
        "coordinates": [
          [
            [
              109.65,
              -6.316667
            ],
            [
              106.716667,
              -11.333333
            ],
            [
              98.25,
              -5.933333
            ],
            [
              97.766667,
              -2.816667
            ],
            [
              103.933333,
              -1.25
            ],
            [
              109.65,
              -6.316667
            ]
          ]
        ]
      },
      "properties": {
        "lower": 0,
        "upper": 150,
        "leadHours": 18,
        "validAt": 1788801000000,
        "kind": "forecast",
        "productId": "DARWIN/262000/2026/192",
        "number": "2026/192",
        "volcanoId": "262000",
        "issuedAt": 1788737400000,
        "observedAt": 1788736200000,
        "estimated": false,
        "sourceUrl": "https://data.gdacs.org/gts.aspx?eventid=1000148&eventtype=VO",
        "revision": 0,
        "supersededBy": null,
        "flags": {
          "cloudObscured": false,
          "lowForecastConfidence": false,
          "correction": false
        },
        "editionId": "DARWIN/262000/2026/192/1788737400000"
      }
    },
    {
      "type": "Feature",
      "id": "DARWIN/262000/2026/192/1788737400000/18/1",
      "geometry": {
        "type": "Polygon",
        "coordinates": [
          [
            [
              96.733333,
              -16.666667
            ],
            [
              98.833333,
              -22.75
            ],
            [
              79.7,
              -22.366667
            ],
            [
              75.883333,
              -14.05
            ],
            [
              79.15,
              -8.266667
            ],
            [
              86.55,
              -14.166667
            ],
            [
              96.733333,
              -16.666667
            ]
          ]
        ]
      },
      "properties": {
        "lower": 0,
        "upper": 500,
        "leadHours": 18,
        "validAt": 1788801000000,
        "kind": "forecast",
        "productId": "DARWIN/262000/2026/192",
        "number": "2026/192",
        "volcanoId": "262000",
        "issuedAt": 1788737400000,
        "observedAt": 1788736200000,
        "estimated": false,
        "sourceUrl": "https://data.gdacs.org/gts.aspx?eventid=1000148&eventtype=VO",
        "revision": 0,
        "supersededBy": null,
        "flags": {
          "cloudObscured": false,
          "lowForecastConfidence": false,
          "correction": false
        },
        "editionId": "DARWIN/262000/2026/192/1788737400000"
      }
    },
    {
      "type": "Feature",
      "id": "DARWIN/262000/2026/193/1788748200000/0/0",
      "geometry": {
        "type": "Polygon",
        "coordinates": [
          [
            [
              106.3,
              -3.8
            ],
            [
              108.75,
              -6.483333
            ],
            [
              106.2,
              -9.083333
            ],
            [
              100.066667,
              -6.133333
            ],
            [
              102.416667,
              -4.45
            ],
            [
              106.3,
              -3.8
            ]
          ]
        ]
      },
      "properties": {
        "lower": 0,
        "upper": 150,
        "leadHours": 0,
        "validAt": 1788747000000,
        "kind": "observed",
        "productId": "DARWIN/262000/2026/193",
        "number": "2026/193",
        "volcanoId": "262000",
        "issuedAt": 1788748200000,
        "observedAt": 1788747000000,
        "estimated": false,
        "sourceUrl": "https://data.gdacs.org/gts.aspx?eventid=1000148&eventtype=VO",
        "revision": 0,
        "supersededBy": null,
        "flags": {
          "cloudObscured": false,
          "lowForecastConfidence": false,
          "correction": false
        },
        "editionId": "DARWIN/262000/2026/193/1788748200000"
      }
    },
    {
      "type": "Feature",
      "id": "DARWIN/262000/2026/193/1788748200000/0/1",
      "geometry": {
        "type": "Polygon",
        "coordinates": [
          [
            [
              93.633333,
              -14.716667
            ],
            [
              94.533333,
              -22.316667
            ],
            [
              84.1,
              -20.316667
            ],
            [
              79.05,
              -10.166667
            ],
            [
              84.383333,
              -8.116667
            ],
            [
              89.333333,
              -12.483333
            ],
            [
              93.633333,
              -14.716667
            ]
          ]
        ]
      },
      "properties": {
        "lower": 0,
        "upper": 500,
        "leadHours": 0,
        "validAt": 1788747000000,
        "kind": "observed",
        "productId": "DARWIN/262000/2026/193",
        "number": "2026/193",
        "volcanoId": "262000",
        "issuedAt": 1788748200000,
        "observedAt": 1788747000000,
        "estimated": false,
        "sourceUrl": "https://data.gdacs.org/gts.aspx?eventid=1000148&eventtype=VO",
        "revision": 0,
        "supersededBy": null,
        "flags": {
          "cloudObscured": false,
          "lowForecastConfidence": false,
          "correction": false
        },
        "editionId": "DARWIN/262000/2026/193/1788748200000"
      }
    },
    {
      "type": "Feature",
      "id": "DARWIN/262000/2026/193/1788748200000/6/0",
      "geometry": {
        "type": "Polygon",
        "coordinates": [
          [
            [
              105.85,
              -3.35
            ],
            [
              109.633333,
              -6.316667
            ],
            [
              106.233333,
              -9.35
            ],
            [
              100.316667,
              -6.266667
            ],
            [
              102.566667,
              -4.183333
            ],
            [
              105.85,
              -3.35
            ]
          ]
        ]
      },
      "properties": {
        "lower": 0,
        "upper": 150,
        "leadHours": 6,
        "validAt": 1788768600000,
        "kind": "forecast",
        "productId": "DARWIN/262000/2026/193",
        "number": "2026/193",
        "volcanoId": "262000",
        "issuedAt": 1788748200000,
        "observedAt": 1788747000000,
        "estimated": false,
        "sourceUrl": "https://data.gdacs.org/gts.aspx?eventid=1000148&eventtype=VO",
        "revision": 0,
        "supersededBy": null,
        "flags": {
          "cloudObscured": false,
          "lowForecastConfidence": false,
          "correction": false
        },
        "editionId": "DARWIN/262000/2026/193/1788748200000"
      }
    },
    {
      "type": "Feature",
      "id": "DARWIN/262000/2026/193/1788748200000/6/1",
      "geometry": {
        "type": "Polygon",
        "coordinates": [
          [
            [
              94.4,
              -15.05
            ],
            [
              94.75,
              -22.9
            ],
            [
              82.983333,
              -21.483333
            ],
            [
              78.55,
              -11.75
            ],
            [
              83.966667,
              -8.8
            ],
            [
              87.216667,
              -13.116667
            ],
            [
              94.4,
              -15.05
            ]
          ]
        ]
      },
      "properties": {
        "lower": 0,
        "upper": 500,
        "leadHours": 6,
        "validAt": 1788768600000,
        "kind": "forecast",
        "productId": "DARWIN/262000/2026/193",
        "number": "2026/193",
        "volcanoId": "262000",
        "issuedAt": 1788748200000,
        "observedAt": 1788747000000,
        "estimated": false,
        "sourceUrl": "https://data.gdacs.org/gts.aspx?eventid=1000148&eventtype=VO",
        "revision": 0,
        "supersededBy": null,
        "flags": {
          "cloudObscured": false,
          "lowForecastConfidence": false,
          "correction": false
        },
        "editionId": "DARWIN/262000/2026/193/1788748200000"
      }
    },
    {
      "type": "Feature",
      "id": "DARWIN/262000/2026/193/1788748200000/12/0",
      "geometry": {
        "type": "Polygon",
        "coordinates": [
          [
            [
              105.866667,
              -3.516667
            ],
            [
              109.65,
              -6.316667
            ],
            [
              105.866667,
              -9.316667
            ],
            [
              99.7,
              -6.25
            ],
            [
              102.45,
              -4.25
            ],
            [
              105.866667,
              -3.516667
            ]
          ]
        ]
      },
      "properties": {
        "lower": 0,
        "upper": 150,
        "leadHours": 12,
        "validAt": 1788790200000,
        "kind": "forecast",
        "productId": "DARWIN/262000/2026/193",
        "number": "2026/193",
        "volcanoId": "262000",
        "issuedAt": 1788748200000,
        "observedAt": 1788747000000,
        "estimated": false,
        "sourceUrl": "https://data.gdacs.org/gts.aspx?eventid=1000148&eventtype=VO",
        "revision": 0,
        "supersededBy": null,
        "flags": {
          "cloudObscured": false,
          "lowForecastConfidence": false,
          "correction": false
        },
        "editionId": "DARWIN/262000/2026/193/1788748200000"
      }
    },
    {
      "type": "Feature",
      "id": "DARWIN/262000/2026/193/1788748200000/12/1",
      "geometry": {
        "type": "Polygon",
        "coordinates": [
          [
            [
              94.916667,
              -15.466667
            ],
            [
              95.383333,
              -23.8
            ],
            [
              82.133333,
              -23.0
            ],
            [
              78.016667,
              -13.3
            ],
            [
              83.833333,
              -9.2
            ],
            [
              86.9,
              -14.116667
            ],
            [
              94.916667,
              -15.466667
            ]
          ]
        ]
      },
      "properties": {
        "lower": 0,
        "upper": 500,
        "leadHours": 12,
        "validAt": 1788790200000,
        "kind": "forecast",
        "productId": "DARWIN/262000/2026/193",
        "number": "2026/193",
        "volcanoId": "262000",
        "issuedAt": 1788748200000,
        "observedAt": 1788747000000,
        "estimated": false,
        "sourceUrl": "https://data.gdacs.org/gts.aspx?eventid=1000148&eventtype=VO",
        "revision": 0,
        "supersededBy": null,
        "flags": {
          "cloudObscured": false,
          "lowForecastConfidence": false,
          "correction": false
        },
        "editionId": "DARWIN/262000/2026/193/1788748200000"
      }
    },
    {
      "type": "Feature",
      "id": "DARWIN/262000/2026/193/1788748200000/18/0",
      "geometry": {
        "type": "Polygon",
        "coordinates": [
          [
            [
              105.866667,
              -3.3
            ],
            [
              109.85,
              -6.333333
            ],
            [
              106.0,
              -9.55
            ],
            [
              99.883333,
              -6.266667
            ],
            [
              102.45,
              -4.233333
            ],
            [
              105.866667,
              -3.3
            ]
          ]
        ]
      },
      "properties": {
        "lower": 0,
        "upper": 150,
        "leadHours": 18,
        "validAt": 1788811800000,
        "kind": "forecast",
        "productId": "DARWIN/262000/2026/193",
        "number": "2026/193",
        "volcanoId": "262000",
        "issuedAt": 1788748200000,
        "observedAt": 1788747000000,
        "estimated": false,
        "sourceUrl": "https://data.gdacs.org/gts.aspx?eventid=1000148&eventtype=VO",
        "revision": 0,
        "supersededBy": null,
        "flags": {
          "cloudObscured": false,
          "lowForecastConfidence": false,
          "correction": false
        },
        "editionId": "DARWIN/262000/2026/193/1788748200000"
      }
    },
    {
      "type": "Feature",
      "id": "DARWIN/262000/2026/194/1788759000000/0/0",
      "geometry": {
        "type": "Polygon",
        "coordinates": [
          [
            [
              105.85,
              -3.35
            ],
            [
              109.25,
              -6.25
            ],
            [
              106.15,
              -9.216667
            ],
            [
              100.75,
              -6.666667
            ],
            [
              102.566667,
              -4.183333
            ],
            [
              105.85,
              -3.35
            ]
          ]
        ]
      },
      "properties": {
        "lower": 0,
        "upper": 150,
        "leadHours": 0,
        "validAt": 1788757800000,
        "kind": "observed",
        "productId": "DARWIN/262000/2026/194",
        "number": "2026/194",
        "volcanoId": "262000",
        "issuedAt": 1788759000000,
        "observedAt": 1788757800000,
        "estimated": false,
        "sourceUrl": "https://data.gdacs.org/gts.aspx?eventid=1000148&eventtype=VO",
        "revision": 0,
        "supersededBy": null,
        "flags": {
          "cloudObscured": false,
          "lowForecastConfidence": false,
          "correction": false
        },
        "editionId": "DARWIN/262000/2026/194/1788759000000"
      }
    },
    {
      "type": "Feature",
      "id": "DARWIN/262000/2026/194/1788759000000/0/1",
      "geometry": {
        "type": "Polygon",
        "coordinates": [
          [
            [
              94.733333,
              -14.833333
            ],
            [
              90.883333,
              -21.8
            ],
            [
              79.916667,
              -16.833333
            ],
            [
              77.45,
              -8.633333
            ],
            [
              84.083333,
              -8.05
            ],
            [
              88.133333,
              -12.983333
            ],
            [
              94.733333,
              -14.833333
            ]
          ]
        ]
      },
      "properties": {
        "lower": 0,
        "upper": 500,
        "leadHours": 0,
        "validAt": 1788757800000,
        "kind": "observed",
        "productId": "DARWIN/262000/2026/194",
        "number": "2026/194",
        "volcanoId": "262000",
        "issuedAt": 1788759000000,
        "observedAt": 1788757800000,
        "estimated": false,
        "sourceUrl": "https://data.gdacs.org/gts.aspx?eventid=1000148&eventtype=VO",
        "revision": 0,
        "supersededBy": null,
        "flags": {
          "cloudObscured": false,
          "lowForecastConfidence": false,
          "correction": false
        },
        "editionId": "DARWIN/262000/2026/194/1788759000000"
      }
    },
    {
      "type": "Feature",
      "id": "DARWIN/262000/2026/194/1788759000000/6/0",
      "geometry": {
        "type": "Polygon",
        "coordinates": [
          [
            [
              105.866667,
              -3.516667
            ],
            [
              109.65,
              -6.316667
            ],
            [
              105.866667,
              -9.316667
            ],
            [
              100.733333,
              -6.683333
            ],
            [
              102.45,
              -4.25
            ],
            [
              105.866667,
              -3.516667
            ]
          ]
        ]
      },
      "properties": {
        "lower": 0,
        "upper": 150,
        "leadHours": 6,
        "validAt": 1788779400000,
        "kind": "forecast",
        "productId": "DARWIN/262000/2026/194",
        "number": "2026/194",
        "volcanoId": "262000",
        "issuedAt": 1788759000000,
        "observedAt": 1788757800000,
        "estimated": false,
        "sourceUrl": "https://data.gdacs.org/gts.aspx?eventid=1000148&eventtype=VO",
        "revision": 0,
        "supersededBy": null,
        "flags": {
          "cloudObscured": false,
          "lowForecastConfidence": false,
          "correction": false
        },
        "editionId": "DARWIN/262000/2026/194/1788759000000"
      }
    },
    {
      "type": "Feature",
      "id": "DARWIN/262000/2026/194/1788759000000/6/1",
      "geometry": {
        "type": "Polygon",
        "coordinates": [
          [
            [
              94.55,
              -15.933333
            ],
            [
              91.1,
              -22.65
            ],
            [
              79.6,
              -17.466667
            ],
            [
              77.116667,
              -9.616667
            ],
            [
              83.883333,
              -8.15
            ],
            [
              87.266667,
              -13.566667
            ],
            [
              94.55,
              -15.933333
            ]
          ]
        ]
      },
      "properties": {
        "lower": 0,
        "upper": 500,
        "leadHours": 6,
        "validAt": 1788779400000,
        "kind": "forecast",
        "productId": "DARWIN/262000/2026/194",
        "number": "2026/194",
        "volcanoId": "262000",
        "issuedAt": 1788759000000,
        "observedAt": 1788757800000,
        "estimated": false,
        "sourceUrl": "https://data.gdacs.org/gts.aspx?eventid=1000148&eventtype=VO",
        "revision": 0,
        "supersededBy": null,
        "flags": {
          "cloudObscured": false,
          "lowForecastConfidence": false,
          "correction": false
        },
        "editionId": "DARWIN/262000/2026/194/1788759000000"
      }
    },
    {
      "type": "Feature",
      "id": "DARWIN/262000/2026/194/1788759000000/12/0",
      "geometry": {
        "type": "Polygon",
        "coordinates": [
          [
            [
              105.866667,
              -3.3
            ],
            [
              109.85,
              -6.333333
            ],
            [
              106.0,
              -9.55
            ],
            [
              100.533333,
              -6.716667
            ],
            [
              102.45,
              -4.233333
            ],
            [
              105.866667,
              -3.3
            ]
          ]
        ]
      },
      "properties": {
        "lower": 0,
        "upper": 150,
        "leadHours": 12,
        "validAt": 1788801000000,
        "kind": "forecast",
        "productId": "DARWIN/262000/2026/194",
        "number": "2026/194",
        "volcanoId": "262000",
        "issuedAt": 1788759000000,
        "observedAt": 1788757800000,
        "estimated": false,
        "sourceUrl": "https://data.gdacs.org/gts.aspx?eventid=1000148&eventtype=VO",
        "revision": 0,
        "supersededBy": null,
        "flags": {
          "cloudObscured": false,
          "lowForecastConfidence": false,
          "correction": false
        },
        "editionId": "DARWIN/262000/2026/194/1788759000000"
      }
    },
    {
      "type": "Feature",
      "id": "DARWIN/262000/2026/194/1788759000000/12/1",
      "geometry": {
        "type": "Polygon",
        "coordinates": [
          [
            [
              94.616667,
              -16.666667
            ],
            [
              91.95,
              -23.483333
            ],
            [
              79.116667,
              -17.933333
            ],
            [
              76.866667,
              -10.433333
            ],
            [
              83.383333,
              -8.7
            ],
            [
              86.716667,
              -14.166667
            ],
            [
              94.616667,
              -16.666667
            ]
          ]
        ]
      },
      "properties": {
        "lower": 0,
        "upper": 500,
        "leadHours": 12,
        "validAt": 1788801000000,
        "kind": "forecast",
        "productId": "DARWIN/262000/2026/194",
        "number": "2026/194",
        "volcanoId": "262000",
        "issuedAt": 1788759000000,
        "observedAt": 1788757800000,
        "estimated": false,
        "sourceUrl": "https://data.gdacs.org/gts.aspx?eventid=1000148&eventtype=VO",
        "revision": 0,
        "supersededBy": null,
        "flags": {
          "cloudObscured": false,
          "lowForecastConfidence": false,
          "correction": false
        },
        "editionId": "DARWIN/262000/2026/194/1788759000000"
      }
    },
    {
      "type": "Feature",
      "id": "DARWIN/262000/2026/194/1788759000000/18/0",
      "geometry": {
        "type": "Polygon",
        "coordinates": [
          [
            [
              105.9,
              -3.4
            ],
            [
              109.766667,
              -6.283333
            ],
            [
              105.933333,
              -9.45
            ],
            [
              100.316667,
              -6.65
            ],
            [
              102.583333,
              -4.233333
            ],
            [
              105.9,
              -3.4
            ]
          ]
        ]
      },
      "properties": {
        "lower": 0,
        "upper": 150,
        "leadHours": 18,
        "validAt": 1788822600000,
        "kind": "forecast",
        "productId": "DARWIN/262000/2026/194",
        "number": "2026/194",
        "volcanoId": "262000",
        "issuedAt": 1788759000000,
        "observedAt": 1788757800000,
        "estimated": false,
        "sourceUrl": "https://data.gdacs.org/gts.aspx?eventid=1000148&eventtype=VO",
        "revision": 0,
        "supersededBy": null,
        "flags": {
          "cloudObscured": false,
          "lowForecastConfidence": false,
          "correction": false
        },
        "editionId": "DARWIN/262000/2026/194/1788759000000"
      }
    },
    {
      "type": "Feature",
      "id": "DARWIN/262000/2026/195/1788769800000/0/0",
      "geometry": {
        "type": "Polygon",
        "coordinates": [
          [
            [
              106.133333,
              -5.8
            ],
            [
              105.383333,
              -8.266667
            ],
            [
              102.483333,
              -6.216667
            ],
            [
              103.916667,
              -4.95
            ],
            [
              105.8,
              -4.9
            ],
            [
              106.133333,
              -5.8
            ]
          ]
        ]
      },
      "properties": {
        "lower": 0,
        "upper": 150,
        "leadHours": 0,
        "validAt": 1788768600000,
        "kind": "observed",
        "productId": "DARWIN/262000/2026/195",
        "number": "2026/195",
        "volcanoId": "262000",
        "issuedAt": 1788769800000,
        "observedAt": 1788768600000,
        "estimated": false,
        "sourceUrl": "https://data.gdacs.org/gts.aspx?eventid=1000148&eventtype=VO",
        "revision": 0,
        "supersededBy": null,
        "flags": {
          "cloudObscured": false,
          "lowForecastConfidence": false,
          "correction": false
        },
        "editionId": "DARWIN/262000/2026/195/1788769800000"
      }
    },
    {
      "type": "Feature",
      "id": "DARWIN/262000/2026/195/1788769800000/0/1",
      "geometry": {
        "type": "Polygon",
        "coordinates": [
          [
            [
              92.383333,
              -15.933333
            ],
            [
              88.45,
              -21.9
            ],
            [
              79.6,
              -17.466667
            ],
            [
              77.116667,
              -9.616667
            ],
            [
              83.883333,
              -8.15
            ],
            [
              87.266667,
              -13.566667
            ],
            [
              92.383333,
              -15.933333
            ]
          ]
        ]
      },
      "properties": {
        "lower": 0,
        "upper": 500,
        "leadHours": 0,
        "validAt": 1788768600000,
        "kind": "observed",
        "productId": "DARWIN/262000/2026/195",
        "number": "2026/195",
        "volcanoId": "262000",
        "issuedAt": 1788769800000,
        "observedAt": 1788768600000,
        "estimated": false,
        "sourceUrl": "https://data.gdacs.org/gts.aspx?eventid=1000148&eventtype=VO",
        "revision": 0,
        "supersededBy": null,
        "flags": {
          "cloudObscured": false,
          "lowForecastConfidence": false,
          "correction": false
        },
        "editionId": "DARWIN/262000/2026/195/1788769800000"
      }
    },
    {
      "type": "Feature",
      "id": "DARWIN/262000/2026/195/1788769800000/6/0",
      "geometry": {
        "type": "Polygon",
        "coordinates": [
          [
            [
              105.9,
              -6.733333
            ],
            [
              105.316667,
              -8.6
            ],
            [
              101.916667,
              -6.45
            ],
            [
              103.9,
              -5.2
            ],
            [
              105.816667,
              -5.3
            ],
            [
              105.9,
              -6.733333
            ]
          ]
        ]
      },
      "properties": {
        "lower": 0,
        "upper": 150,
        "leadHours": 6,
        "validAt": 1788790200000,
        "kind": "forecast",
        "productId": "DARWIN/262000/2026/195",
        "number": "2026/195",
        "volcanoId": "262000",
        "issuedAt": 1788769800000,
        "observedAt": 1788768600000,
        "estimated": false,
        "sourceUrl": "https://data.gdacs.org/gts.aspx?eventid=1000148&eventtype=VO",
        "revision": 0,
        "supersededBy": null,
        "flags": {
          "cloudObscured": false,
          "lowForecastConfidence": false,
          "correction": false
        },
        "editionId": "DARWIN/262000/2026/195/1788769800000"
      }
    },
    {
      "type": "Feature",
      "id": "DARWIN/262000/2026/195/1788769800000/6/1",
      "geometry": {
        "type": "Polygon",
        "coordinates": [
          [
            [
              92.7,
              -17.416667
            ],
            [
              88.25,
              -22.783333
            ],
            [
              79.116667,
              -17.933333
            ],
            [
              76.866667,
              -10.433333
            ],
            [
              83.383333,
              -8.7
            ],
            [
              86.716667,
              -14.166667
            ],
            [
              92.7,
              -17.416667
            ]
          ]
        ]
      },
      "properties": {
        "lower": 0,
        "upper": 500,
        "leadHours": 6,
        "validAt": 1788790200000,
        "kind": "forecast",
        "productId": "DARWIN/262000/2026/195",
        "number": "2026/195",
        "volcanoId": "262000",
        "issuedAt": 1788769800000,
        "observedAt": 1788768600000,
        "estimated": false,
        "sourceUrl": "https://data.gdacs.org/gts.aspx?eventid=1000148&eventtype=VO",
        "revision": 0,
        "supersededBy": null,
        "flags": {
          "cloudObscured": false,
          "lowForecastConfidence": false,
          "correction": false
        },
        "editionId": "DARWIN/262000/2026/195/1788769800000"
      }
    },
    {
      "type": "Feature",
      "id": "DARWIN/262000/2026/195/1788769800000/12/0",
      "geometry": {
        "type": "Polygon",
        "coordinates": [
          [
            [
              105.933333,
              -6.083333
            ],
            [
              105.383333,
              -8.933333
            ],
            [
              102.933333,
              -7.733333
            ],
            [
              102.833333,
              -5.666667
            ],
            [
              105.466667,
              -5.4
            ],
            [
              105.933333,
              -6.083333
            ]
          ]
        ]
      },
      "properties": {
        "lower": 0,
        "upper": 150,
        "leadHours": 12,
        "validAt": 1788811800000,
        "kind": "forecast",
        "productId": "DARWIN/262000/2026/195",
        "number": "2026/195",
        "volcanoId": "262000",
        "issuedAt": 1788769800000,
        "observedAt": 1788768600000,
        "estimated": false,
        "sourceUrl": "https://data.gdacs.org/gts.aspx?eventid=1000148&eventtype=VO",
        "revision": 0,
        "supersededBy": null,
        "flags": {
          "cloudObscured": false,
          "lowForecastConfidence": false,
          "correction": false
        },
        "editionId": "DARWIN/262000/2026/195/1788769800000"
      }
    },
    {
      "type": "Feature",
      "id": "DARWIN/262000/2026/195/1788769800000/18/0",
      "geometry": {
        "type": "Polygon",
        "coordinates": [
          [
            [
              105.9,
              -6.016667
            ],
            [
              105.333333,
              -9.083333
            ],
            [
              102.766667,
              -8.166667
            ],
            [
              102.633333,
              -5.75
            ],
            [
              105.4,
              -5.483333
            ],
            [
              105.9,
              -6.016667
            ]
          ]
        ]
      },
      "properties": {
        "lower": 0,
        "upper": 150,
        "leadHours": 18,
        "validAt": 1788833400000,
        "kind": "forecast",
        "productId": "DARWIN/262000/2026/195",
        "number": "2026/195",
        "volcanoId": "262000",
        "issuedAt": 1788769800000,
        "observedAt": 1788768600000,
        "estimated": false,
        "sourceUrl": "https://data.gdacs.org/gts.aspx?eventid=1000148&eventtype=VO",
        "revision": 0,
        "supersededBy": null,
        "flags": {
          "cloudObscured": false,
          "lowForecastConfidence": false,
          "correction": false
        },
        "editionId": "DARWIN/262000/2026/195/1788769800000"
      }
    },
    {
      "type": "Feature",
      "id": "DARWIN/262000/2026/196/1788780600000/0/0",
      "geometry": {
        "type": "Polygon",
        "coordinates": [
          [
            [
              105.766667,
              -6.583333
            ],
            [
              105.066667,
              -8.616667
            ],
            [
              101.966667,
              -6.966667
            ],
            [
              102.283333,
              -5.916667
            ],
            [
              105.05,
              -4.966667
            ],
            [
              105.6,
              -5.183333
            ],
            [
              105.766667,
              -6.583333
            ]
          ]
        ]
      },
      "properties": {
        "lower": 0,
        "upper": 150,
        "leadHours": 0,
        "validAt": 1788779400000,
        "kind": "observed",
        "productId": "DARWIN/262000/2026/196",
        "number": "2026/196",
        "volcanoId": "262000",
        "issuedAt": 1788780600000,
        "observedAt": 1788779400000,
        "estimated": false,
        "sourceUrl": "https://data.gdacs.org/gts.aspx?eventid=1000148&eventtype=VO",
        "revision": 0,
        "supersededBy": null,
        "flags": {
          "cloudObscured": false,
          "lowForecastConfidence": false,
          "correction": false
        },
        "editionId": "DARWIN/262000/2026/196/1788780600000"
      }
    },
    {
      "type": "Feature",
      "id": "DARWIN/262000/2026/196/1788780600000/6/0",
      "geometry": {
        "type": "Polygon",
        "coordinates": [
          [
            [
              105.633333,
              -5.266667
            ],
            [
              105.683333,
              -6.966667
            ],
            [
              105.383333,
              -8.933333
            ],
            [
              102.933333,
              -7.733333
            ],
            [
              102.55,
              -5.883333
            ],
            [
              105.183333,
              -4.933333
            ],
            [
              105.633333,
              -5.266667
            ]
          ]
        ]
      },
      "properties": {
        "lower": 0,
        "upper": 150,
        "leadHours": 6,
        "validAt": 1788801000000,
        "kind": "forecast",
        "productId": "DARWIN/262000/2026/196",
        "number": "2026/196",
        "volcanoId": "262000",
        "issuedAt": 1788780600000,
        "observedAt": 1788779400000,
        "estimated": false,
        "sourceUrl": "https://data.gdacs.org/gts.aspx?eventid=1000148&eventtype=VO",
        "revision": 0,
        "supersededBy": null,
        "flags": {
          "cloudObscured": false,
          "lowForecastConfidence": false,
          "correction": false
        },
        "editionId": "DARWIN/262000/2026/196/1788780600000"
      }
    },
    {
      "type": "Feature",
      "id": "DARWIN/262000/2026/196/1788780600000/12/0",
      "geometry": {
        "type": "Polygon",
        "coordinates": [
          [
            [
              105.683333,
              -6.0
            ],
            [
              105.0,
              -8.55
            ],
            [
              102.866667,
              -6.933333
            ],
            [
              105.4,
              -5.75
            ],
            [
              105.683333,
              -6.0
            ]
          ]
        ]
      },
      "properties": {
        "lower": 0,
        "upper": 60,
        "leadHours": 12,
        "validAt": 1788822600000,
        "kind": "forecast",
        "productId": "DARWIN/262000/2026/196",
        "number": "2026/196",
        "volcanoId": "262000",
        "issuedAt": 1788780600000,
        "observedAt": 1788779400000,
        "estimated": false,
        "sourceUrl": "https://data.gdacs.org/gts.aspx?eventid=1000148&eventtype=VO",
        "revision": 0,
        "supersededBy": null,
        "flags": {
          "cloudObscured": false,
          "lowForecastConfidence": false,
          "correction": false
        },
        "editionId": "DARWIN/262000/2026/196/1788780600000"
      }
    },
    {
      "type": "Feature",
      "id": "DARWIN/262000/2026/196/1788780600000/18/0",
      "geometry": {
        "type": "Polygon",
        "coordinates": [
          [
            [
              105.666667,
              -6.033333
            ],
            [
              105.0,
              -8.083333
            ],
            [
              103.283333,
              -6.533333
            ],
            [
              105.383333,
              -5.766667
            ],
            [
              105.666667,
              -6.033333
            ]
          ]
        ]
      },
      "properties": {
        "lower": 0,
        "upper": 60,
        "leadHours": 18,
        "validAt": 1788844200000,
        "kind": "forecast",
        "productId": "DARWIN/262000/2026/196",
        "number": "2026/196",
        "volcanoId": "262000",
        "issuedAt": 1788780600000,
        "observedAt": 1788779400000,
        "estimated": false,
        "sourceUrl": "https://data.gdacs.org/gts.aspx?eventid=1000148&eventtype=VO",
        "revision": 0,
        "supersededBy": null,
        "flags": {
          "cloudObscured": false,
          "lowForecastConfidence": false,
          "correction": false
        },
        "editionId": "DARWIN/262000/2026/196/1788780600000"
      }
    },
    {
      "type": "Feature",
      "id": "DARWIN/262000/2026/197/1788791400000/0/0",
      "geometry": {
        "type": "Polygon",
        "coordinates": [
          [
            [
              105.8,
              -6.2
            ],
            [
              105.233333,
              -8.933333
            ],
            [
              104.133333,
              -8.933333
            ],
            [
              103.1,
              -7.216667
            ],
            [
              103.833333,
              -5.133333
            ],
            [
              105.366667,
              -4.916667
            ],
            [
              105.8,
              -6.2
            ]
          ]
        ]
      },
      "properties": {
        "lower": 0,
        "upper": 150,
        "leadHours": 0,
        "validAt": 1788790200000,
        "kind": "observed",
        "productId": "DARWIN/262000/2026/197",
        "number": "2026/197",
        "volcanoId": "262000",
        "issuedAt": 1788791400000,
        "observedAt": 1788790200000,
        "estimated": false,
        "sourceUrl": "https://data.gdacs.org/gts.aspx?eventid=1000148&eventtype=VO",
        "revision": 0,
        "supersededBy": null,
        "flags": {
          "cloudObscured": false,
          "lowForecastConfidence": false,
          "correction": false
        },
        "editionId": "DARWIN/262000/2026/197/1788791400000"
      }
    },
    {
      "type": "Feature",
      "id": "DARWIN/262000/2026/197/1788791400000/6/0",
      "geometry": {
        "type": "Polygon",
        "coordinates": [
          [
            [
              105.8,
              -6.15
            ],
            [
              105.566667,
              -9.166667
            ],
            [
              104.116667,
              -9.183333
            ],
            [
              103.066667,
              -7.166667
            ],
            [
              103.866667,
              -5.116667
            ],
            [
              105.4,
              -4.916667
            ],
            [
              105.8,
              -6.15
            ]
          ]
        ]
      },
      "properties": {
        "lower": 0,
        "upper": 150,
        "leadHours": 6,
        "validAt": 1788811800000,
        "kind": "forecast",
        "productId": "DARWIN/262000/2026/197",
        "number": "2026/197",
        "volcanoId": "262000",
        "issuedAt": 1788791400000,
        "observedAt": 1788790200000,
        "estimated": false,
        "sourceUrl": "https://data.gdacs.org/gts.aspx?eventid=1000148&eventtype=VO",
        "revision": 0,
        "supersededBy": null,
        "flags": {
          "cloudObscured": false,
          "lowForecastConfidence": false,
          "correction": false
        },
        "editionId": "DARWIN/262000/2026/197/1788791400000"
      }
    },
    {
      "type": "Feature",
      "id": "DARWIN/262000/2026/197/1788791400000/12/0",
      "geometry": {
        "type": "Polygon",
        "coordinates": [
          [
            [
              105.683333,
              -6.0
            ],
            [
              105.3,
              -8.7
            ],
            [
              104.233333,
              -8.7
            ],
            [
              103.15,
              -7.0
            ],
            [
              105.4,
              -5.75
            ],
            [
              105.683333,
              -6.0
            ]
          ]
        ]
      },
      "properties": {
        "lower": 0,
        "upper": 60,
        "leadHours": 12,
        "validAt": 1788833400000,
        "kind": "forecast",
        "productId": "DARWIN/262000/2026/197",
        "number": "2026/197",
        "volcanoId": "262000",
        "issuedAt": 1788791400000,
        "observedAt": 1788790200000,
        "estimated": false,
        "sourceUrl": "https://data.gdacs.org/gts.aspx?eventid=1000148&eventtype=VO",
        "revision": 0,
        "supersededBy": null,
        "flags": {
          "cloudObscured": false,
          "lowForecastConfidence": false,
          "correction": false
        },
        "editionId": "DARWIN/262000/2026/197/1788791400000"
      }
    },
    {
      "type": "Feature",
      "id": "DARWIN/262000/2026/197/1788791400000/18/0",
      "geometry": {
        "type": "Polygon",
        "coordinates": [
          [
            [
              105.666667,
              -6.033333
            ],
            [
              105.283333,
              -8.183333
            ],
            [
              104.4,
              -8.2
            ],
            [
              103.55,
              -6.466667
            ],
            [
              105.383333,
              -5.766667
            ],
            [
              105.666667,
              -6.033333
            ]
          ]
        ]
      },
      "properties": {
        "lower": 0,
        "upper": 60,
        "leadHours": 18,
        "validAt": 1788855000000,
        "kind": "forecast",
        "productId": "DARWIN/262000/2026/197",
        "number": "2026/197",
        "volcanoId": "262000",
        "issuedAt": 1788791400000,
        "observedAt": 1788790200000,
        "estimated": false,
        "sourceUrl": "https://data.gdacs.org/gts.aspx?eventid=1000148&eventtype=VO",
        "revision": 0,
        "supersededBy": null,
        "flags": {
          "cloudObscured": false,
          "lowForecastConfidence": false,
          "correction": false
        },
        "editionId": "DARWIN/262000/2026/197/1788791400000"
      }
    },
    {
      "type": "Feature",
      "id": "DARWIN/262000/2026/198/1788802200000/0/0",
      "geometry": {
        "type": "Polygon",
        "coordinates": [
          [
            [
              105.666667,
              -6.016667
            ],
            [
              105.066667,
              -9.416667
            ],
            [
              103.933333,
              -9.1
            ],
            [
              104.45,
              -6.166667
            ],
            [
              105.416667,
              -5.766667
            ],
            [
              105.666667,
              -6.016667
            ]
          ]
        ]
      },
      "properties": {
        "lower": 0,
        "upper": 60,
        "leadHours": 0,
        "validAt": 1788801000000,
        "kind": "observed",
        "productId": "DARWIN/262000/2026/198",
        "number": "2026/198",
        "volcanoId": "262000",
        "issuedAt": 1788802200000,
        "observedAt": 1788801000000,
        "estimated": false,
        "sourceUrl": "https://data.gdacs.org/gts.aspx?eventid=1000148&eventtype=VO",
        "revision": 0,
        "supersededBy": null,
        "flags": {
          "cloudObscured": false,
          "lowForecastConfidence": false,
          "correction": false
        },
        "editionId": "DARWIN/262000/2026/198/1788802200000"
      }
    },
    {
      "type": "Feature",
      "id": "DARWIN/262000/2026/198/1788802200000/6/0",
      "geometry": {
        "type": "Polygon",
        "coordinates": [
          [
            [
              105.683333,
              -6.0
            ],
            [
              105.183333,
              -8.516667
            ],
            [
              104.133333,
              -8.333333
            ],
            [
              103.2,
              -6.816667
            ],
            [
              105.4,
              -5.75
            ],
            [
              105.683333,
              -6.0
            ]
          ]
        ]
      },
      "properties": {
        "lower": 0,
        "upper": 60,
        "leadHours": 6,
        "validAt": 1788822600000,
        "kind": "forecast",
        "productId": "DARWIN/262000/2026/198",
        "number": "2026/198",
        "volcanoId": "262000",
        "issuedAt": 1788802200000,
        "observedAt": 1788801000000,
        "estimated": false,
        "sourceUrl": "https://data.gdacs.org/gts.aspx?eventid=1000148&eventtype=VO",
        "revision": 0,
        "supersededBy": null,
        "flags": {
          "cloudObscured": false,
          "lowForecastConfidence": false,
          "correction": false
        },
        "editionId": "DARWIN/262000/2026/198/1788802200000"
      }
    },
    {
      "type": "Feature",
      "id": "DARWIN/262000/2026/198/1788802200000/12/0",
      "geometry": {
        "type": "Polygon",
        "coordinates": [
          [
            [
              105.666667,
              -6.033333
            ],
            [
              105.283333,
              -8.133333
            ],
            [
              104.35,
              -7.983333
            ],
            [
              103.583333,
              -6.416667
            ],
            [
              105.383333,
              -5.766667
            ],
            [
              105.666667,
              -6.033333
            ]
          ]
        ]
      },
      "properties": {
        "lower": 0,
        "upper": 60,
        "leadHours": 12,
        "validAt": 1788844200000,
        "kind": "forecast",
        "productId": "DARWIN/262000/2026/198",
        "number": "2026/198",
        "volcanoId": "262000",
        "issuedAt": 1788802200000,
        "observedAt": 1788801000000,
        "estimated": false,
        "sourceUrl": "https://data.gdacs.org/gts.aspx?eventid=1000148&eventtype=VO",
        "revision": 0,
        "supersededBy": null,
        "flags": {
          "cloudObscured": false,
          "lowForecastConfidence": false,
          "correction": false
        },
        "editionId": "DARWIN/262000/2026/198/1788802200000"
      }
    },
    {
      "type": "Feature",
      "id": "DARWIN/262000/2026/198/1788802200000/18/0",
      "geometry": {
        "type": "Polygon",
        "coordinates": [
          [
            [
              105.666667,
              -6.0
            ],
            [
              105.216667,
              -7.516667
            ],
            [
              104.266667,
              -7.266667
            ],
            [
              103.816667,
              -6.066667
            ],
            [
              105.383333,
              -5.733333
            ],
            [
              105.666667,
              -6.0
            ]
          ]
        ]
      },
      "properties": {
        "lower": 0,
        "upper": 60,
        "leadHours": 18,
        "validAt": 1788865800000,
        "kind": "forecast",
        "productId": "DARWIN/262000/2026/198",
        "number": "2026/198",
        "volcanoId": "262000",
        "issuedAt": 1788802200000,
        "observedAt": 1788801000000,
        "estimated": false,
        "sourceUrl": "https://data.gdacs.org/gts.aspx?eventid=1000148&eventtype=VO",
        "revision": 0,
        "supersededBy": null,
        "flags": {
          "cloudObscured": false,
          "lowForecastConfidence": false,
          "correction": false
        },
        "editionId": "DARWIN/262000/2026/198/1788802200000"
      }
    },
    {
      "type": "Feature",
      "id": "DARWIN/262000/2026/199/1788823800000/0/0",
      "geometry": {
        "type": "Polygon",
        "coordinates": [
          [
            [
              105.683333,
              -6.0
            ],
            [
              105.316667,
              -8.533333
            ],
            [
              103.683333,
              -8.333333
            ],
            [
              102.983333,
              -6.5
            ],
            [
              105.4,
              -5.75
            ],
            [
              105.683333,
              -6.0
            ]
          ]
        ]
      },
      "properties": {
        "lower": 0,
        "upper": 70,
        "leadHours": 0,
        "validAt": 1788822600000,
        "kind": "observed",
        "productId": "DARWIN/262000/2026/199",
        "number": "2026/199",
        "volcanoId": "262000",
        "issuedAt": 1788823800000,
        "observedAt": 1788822600000,
        "estimated": false,
        "sourceUrl": "https://data.gdacs.org/gts.aspx?eventid=1000148&eventtype=VO",
        "revision": 0,
        "supersededBy": null,
        "flags": {
          "cloudObscured": false,
          "lowForecastConfidence": false,
          "correction": false
        },
        "editionId": "DARWIN/262000/2026/199/1788823800000"
      }
    },
    {
      "type": "Feature",
      "id": "DARWIN/262000/2026/199/1788823800000/6/0",
      "geometry": {
        "type": "Polygon",
        "coordinates": [
          [
            [
              105.383333,
              -5.766667
            ],
            [
              105.75,
              -5.966667
            ],
            [
              105.383333,
              -8.2
            ],
            [
              103.833333,
              -7.85
            ],
            [
              103.15,
              -6.3
            ],
            [
              105.383333,
              -5.766667
            ]
          ]
        ]
      },
      "properties": {
        "lower": 0,
        "upper": 70,
        "leadHours": 6,
        "validAt": 1788844200000,
        "kind": "forecast",
        "productId": "DARWIN/262000/2026/199",
        "number": "2026/199",
        "volcanoId": "262000",
        "issuedAt": 1788823800000,
        "observedAt": 1788822600000,
        "estimated": false,
        "sourceUrl": "https://data.gdacs.org/gts.aspx?eventid=1000148&eventtype=VO",
        "revision": 0,
        "supersededBy": null,
        "flags": {
          "cloudObscured": false,
          "lowForecastConfidence": false,
          "correction": false
        },
        "editionId": "DARWIN/262000/2026/199/1788823800000"
      }
    },
    {
      "type": "Feature",
      "id": "DARWIN/262000/2026/199/1788823800000/12/0",
      "geometry": {
        "type": "Polygon",
        "coordinates": [
          [
            [
              105.7,
              -5.933333
            ],
            [
              105.55,
              -7.783333
            ],
            [
              104.066667,
              -7.716667
            ],
            [
              103.716667,
              -6.016667
            ],
            [
              105.383333,
              -5.7
            ],
            [
              105.7,
              -5.933333
            ]
          ]
        ]
      },
      "properties": {
        "lower": 0,
        "upper": 70,
        "leadHours": 12,
        "validAt": 1788865800000,
        "kind": "forecast",
        "productId": "DARWIN/262000/2026/199",
        "number": "2026/199",
        "volcanoId": "262000",
        "issuedAt": 1788823800000,
        "observedAt": 1788822600000,
        "estimated": false,
        "sourceUrl": "https://data.gdacs.org/gts.aspx?eventid=1000148&eventtype=VO",
        "revision": 0,
        "supersededBy": null,
        "flags": {
          "cloudObscured": false,
          "lowForecastConfidence": false,
          "correction": false
        },
        "editionId": "DARWIN/262000/2026/199/1788823800000"
      }
    },
    {
      "type": "Feature",
      "id": "DARWIN/262000/2026/199/1788823800000/18/0",
      "geometry": {
        "type": "Polygon",
        "coordinates": [
          [
            [
              105.683333,
              -5.95
            ],
            [
              105.466667,
              -7.8
            ],
            [
              104.116667,
              -7.733333
            ],
            [
              103.666667,
              -6.366667
            ],
            [
              105.383333,
              -5.666667
            ],
            [
              105.683333,
              -5.95
            ]
          ]
        ]
      },
      "properties": {
        "lower": 0,
        "upper": 70,
        "leadHours": 18,
        "validAt": 1788887400000,
        "kind": "forecast",
        "productId": "DARWIN/262000/2026/199",
        "number": "2026/199",
        "volcanoId": "262000",
        "issuedAt": 1788823800000,
        "observedAt": 1788822600000,
        "estimated": false,
        "sourceUrl": "https://data.gdacs.org/gts.aspx?eventid=1000148&eventtype=VO",
        "revision": 0,
        "supersededBy": null,
        "flags": {
          "cloudObscured": false,
          "lowForecastConfidence": false,
          "correction": false
        },
        "editionId": "DARWIN/262000/2026/199/1788823800000"
      }
    },
    {
      "type": "Feature",
      "id": "DARWIN/262000/2026/200/1788845400000/0/0",
      "geometry": {
        "type": "Polygon",
        "coordinates": [
          [
            [
              105.333333,
              -5.766667
            ],
            [
              105.75,
              -5.966667
            ],
            [
              105.533333,
              -7.233333
            ],
            [
              104.666667,
              -7.316667
            ],
            [
              104.05,
              -6.316667
            ],
            [
              105.333333,
              -5.766667
            ]
          ]
        ]
      },
      "properties": {
        "lower": 0,
        "upper": 70,
        "leadHours": 0,
        "validAt": 1788844200000,
        "kind": "observed",
        "productId": "DARWIN/262000/2026/200",
        "number": "2026/200",
        "volcanoId": "262000",
        "issuedAt": 1788845400000,
        "observedAt": 1788844200000,
        "estimated": false,
        "sourceUrl": "https://data.gdacs.org/gts.aspx?eventid=1000148&eventtype=VO",
        "revision": 0,
        "supersededBy": null,
        "flags": {
          "cloudObscured": false,
          "lowForecastConfidence": false,
          "correction": false
        },
        "editionId": "DARWIN/262000/2026/200/1788845400000"
      }
    },
    {
      "type": "Feature",
      "id": "DARWIN/262000/2026/200/1788845400000/6/0",
      "geometry": {
        "type": "Polygon",
        "coordinates": [
          [
            [
              105.7,
              -5.933333
            ],
            [
              105.533333,
              -7.216667
            ],
            [
              104.716667,
              -7.166667
            ],
            [
              104.1,
              -6.283333
            ],
            [
              105.433333,
              -5.733333
            ],
            [
              105.7,
              -5.933333
            ]
          ]
        ]
      },
      "properties": {
        "lower": 0,
        "upper": 70,
        "leadHours": 6,
        "validAt": 1788865800000,
        "kind": "forecast",
        "productId": "DARWIN/262000/2026/200",
        "number": "2026/200",
        "volcanoId": "262000",
        "issuedAt": 1788845400000,
        "observedAt": 1788844200000,
        "estimated": false,
        "sourceUrl": "https://data.gdacs.org/gts.aspx?eventid=1000148&eventtype=VO",
        "revision": 0,
        "supersededBy": null,
        "flags": {
          "cloudObscured": false,
          "lowForecastConfidence": false,
          "correction": false
        },
        "editionId": "DARWIN/262000/2026/200/1788845400000"
      }
    },
    {
      "type": "Feature",
      "id": "DARWIN/262000/2026/200/1788845400000/12/0",
      "geometry": {
        "type": "Polygon",
        "coordinates": [
          [
            [
              105.683333,
              -5.95
            ],
            [
              105.55,
              -7.266667
            ],
            [
              104.6,
              -7.283333
            ],
            [
              104.083333,
              -6.316667
            ],
            [
              105.383333,
              -5.666667
            ],
            [
              105.683333,
              -5.95
            ]
          ]
        ]
      },
      "properties": {
        "lower": 0,
        "upper": 70,
        "leadHours": 12,
        "validAt": 1788887400000,
        "kind": "forecast",
        "productId": "DARWIN/262000/2026/200",
        "number": "2026/200",
        "volcanoId": "262000",
        "issuedAt": 1788845400000,
        "observedAt": 1788844200000,
        "estimated": false,
        "sourceUrl": "https://data.gdacs.org/gts.aspx?eventid=1000148&eventtype=VO",
        "revision": 0,
        "supersededBy": null,
        "flags": {
          "cloudObscured": false,
          "lowForecastConfidence": false,
          "correction": false
        },
        "editionId": "DARWIN/262000/2026/200/1788845400000"
      }
    },
    {
      "type": "Feature",
      "id": "DARWIN/262000/2026/200/1788845400000/18/0",
      "geometry": {
        "type": "Polygon",
        "coordinates": [
          [
            [
              105.416667,
              -5.8
            ],
            [
              105.716667,
              -5.966667
            ],
            [
              105.566667,
              -7.116667
            ],
            [
              104.783333,
              -7.15
            ],
            [
              104.183333,
              -6.45
            ],
            [
              105.416667,
              -5.8
            ]
          ]
        ]
      },
      "properties": {
        "lower": 0,
        "upper": 70,
        "leadHours": 18,
        "validAt": 1788909000000,
        "kind": "forecast",
        "productId": "DARWIN/262000/2026/200",
        "number": "2026/200",
        "volcanoId": "262000",
        "issuedAt": 1788845400000,
        "observedAt": 1788844200000,
        "estimated": false,
        "sourceUrl": "https://data.gdacs.org/gts.aspx?eventid=1000148&eventtype=VO",
        "revision": 0,
        "supersededBy": null,
        "flags": {
          "cloudObscured": false,
          "lowForecastConfidence": false,
          "correction": false
        },
        "editionId": "DARWIN/262000/2026/200/1788845400000"
      }
    },
    {
      "type": "Feature",
      "id": "DARWIN/262000/2026/201/1788867000000/0/0",
      "geometry": {
        "type": "Polygon",
        "coordinates": [
          [
            [
              105.283333,
              -5.95
            ],
            [
              105.633333,
              -6.033333
            ],
            [
              105.65,
              -7.583333
            ],
            [
              104.933333,
              -7.583333
            ],
            [
              104.633333,
              -6.916667
            ],
            [
              105.283333,
              -5.95
            ]
          ]
        ]
      },
      "properties": {
        "lower": 0,
        "upper": 70,
        "leadHours": 0,
        "validAt": 1788865800000,
        "kind": "observed",
        "productId": "DARWIN/262000/2026/201",
        "number": "2026/201",
        "volcanoId": "262000",
        "issuedAt": 1788867000000,
        "observedAt": 1788865800000,
        "estimated": false,
        "sourceUrl": "https://data.gdacs.org/gts.aspx?eventid=1000148&eventtype=VO",
        "revision": 0,
        "supersededBy": null,
        "flags": {
          "cloudObscured": false,
          "lowForecastConfidence": false,
          "correction": false
        },
        "editionId": "DARWIN/262000/2026/201/1788867000000"
      }
    },
    {
      "type": "Feature",
      "id": "DARWIN/262000/2026/201/1788867000000/6/0",
      "geometry": {
        "type": "Polygon",
        "coordinates": [
          [
            [
              105.316667,
              -5.9
            ],
            [
              105.683333,
              -6.0
            ],
            [
              105.65,
              -7.583333
            ],
            [
              104.733333,
              -7.583333
            ],
            [
              104.45,
              -6.616667
            ],
            [
              105.316667,
              -5.9
            ]
          ]
        ]
      },
      "properties": {
        "lower": 0,
        "upper": 70,
        "leadHours": 6,
        "validAt": 1788887400000,
        "kind": "forecast",
        "productId": "DARWIN/262000/2026/201",
        "number": "2026/201",
        "volcanoId": "262000",
        "issuedAt": 1788867000000,
        "observedAt": 1788865800000,
        "estimated": false,
        "sourceUrl": "https://data.gdacs.org/gts.aspx?eventid=1000148&eventtype=VO",
        "revision": 0,
        "supersededBy": null,
        "flags": {
          "cloudObscured": false,
          "lowForecastConfidence": false,
          "correction": false
        },
        "editionId": "DARWIN/262000/2026/201/1788867000000"
      }
    },
    {
      "type": "Feature",
      "id": "DARWIN/262000/2026/201/1788867000000/12/0",
      "geometry": {
        "type": "Polygon",
        "coordinates": [
          [
            [
              105.333333,
              -5.916667
            ],
            [
              105.7,
              -6.0
            ],
            [
              105.55,
              -7.266667
            ],
            [
              104.6,
              -7.266667
            ],
            [
              104.45,
              -6.616667
            ],
            [
              105.333333,
              -5.916667
            ]
          ]
        ]
      },
      "properties": {
        "lower": 0,
        "upper": 70,
        "leadHours": 12,
        "validAt": 1788909000000,
        "kind": "forecast",
        "productId": "DARWIN/262000/2026/201",
        "number": "2026/201",
        "volcanoId": "262000",
        "issuedAt": 1788867000000,
        "observedAt": 1788865800000,
        "estimated": false,
        "sourceUrl": "https://data.gdacs.org/gts.aspx?eventid=1000148&eventtype=VO",
        "revision": 0,
        "supersededBy": null,
        "flags": {
          "cloudObscured": false,
          "lowForecastConfidence": false,
          "correction": false
        },
        "editionId": "DARWIN/262000/2026/201/1788867000000"
      }
    },
    {
      "type": "Feature",
      "id": "DARWIN/262000/2026/201/1788867000000/18/0",
      "geometry": {
        "type": "Polygon",
        "coordinates": [
          [
            [
              105.3,
              -5.9
            ],
            [
              105.7,
              -6.0
            ],
            [
              105.566667,
              -7.283333
            ],
            [
              104.583333,
              -7.283333
            ],
            [
              104.433333,
              -6.6
            ],
            [
              105.3,
              -5.9
            ]
          ]
        ]
      },
      "properties": {
        "lower": 0,
        "upper": 70,
        "leadHours": 18,
        "validAt": 1788930600000,
        "kind": "forecast",
        "productId": "DARWIN/262000/2026/201",
        "number": "2026/201",
        "volcanoId": "262000",
        "issuedAt": 1788867000000,
        "observedAt": 1788865800000,
        "estimated": false,
        "sourceUrl": "https://data.gdacs.org/gts.aspx?eventid=1000148&eventtype=VO",
        "revision": 0,
        "supersededBy": null,
        "flags": {
          "cloudObscured": false,
          "lowForecastConfidence": false,
          "correction": false
        },
        "editionId": "DARWIN/262000/2026/201/1788867000000"
      }
    }
  ]
}
